time_s,phase,airspeed_kts,groundSpeed_kts,altitude_ft,verticalSpeed_fpm,pitch_deg,roll_deg,yaw_deg,alpha_deg,stallAlpha_deg,stallSpeed_kts,stallWarning,stall,eng1_n1,eng2_n1,eng1_egt,eng2_egt,hydPress_psi,elecVolts,onGround
0.00,climb_cruise,0.0,0.0,35000.0,0,0.00,0.00,0.00,0.00,15.0,125.0,0,1,92.9,93.0,791,791,316,114,0
0.02,climb_cruise,0.0,0.0,35000.0,0,0.00,0.00,0.00,0.00,15.0,125.0,0,1,92.7,93.1,791,791,316,115,0
0.04,climb_cruise,0.0,0.0,35000.0,0,0.00,0.00,0.00,0.00,15.0,125.0,0,1,92.5,93.2,791,791,316,114,0
0.06,climb_cruise,0.0,0.0,35000.0,0,0.00,0.00,0.00,0.00,15.0,125.0,0,1,92.3,93.3,791,791,316,114,0
0.08,climb_cruise,0.0,0.0,35000.0,0,0.00,0.00,0.00,0.00,15.0,125.0,0,1,92.1,93.4,791,791,316,116,0
0.10,climb_cruise,0.0,0.0,35000.0,0,0.00,0.00,0.00,0.00,15.0,125.0,0,1,91.9,93.5,791,791,316,115,0
0.12,climb_cruise,0.0,0.0,35000.0,0,0.00,0.00,0.00,0.00,15.0,125.0,0,1,91.7,93.6,791,792,316,115,0
0.14,climb_cruise,0.0,0.0,35000.0,0,0.00,0.00,0.00,0.00,15.0,125.0,0,1,91.6,93.7,791,792,316,115,0
0.16,climb_cruise,0.0,0.0,35000.0,0,0.00,0.00,0.00,0.00,15.0,125.0,0,1,91.4,93.7,791,792,316,114,0
0.18,climb_cruise,0.0,0.0,35000.0,0,0.00,0.00,0.00,0.00,15.0,125.0,0,1,91.2,93.8,791,792,316,115,0
0.20,climb_cruise,0.0,0.0,35000.0,0,0.00,0.00,0.00,0.00,15.0,125.0,0,1,91.0,93.9,791,792,316,114,0
0.22,climb_cruise,0.0,0.0,35000.0,0,0.00,0.00,0.00,0.00,15.0,125.0,0,1,90.8,94.0,791,792,316,115,0
0.24,climb_cruise,0.0,0.0,35000.0,0,0.00,0.00,0.00,0.00,15.0,125.0,0,1,90.7,94.1,791,792,316,114,0
0.26,climb_cruise,0.0,0.0,35000.0,0,0.00,0.00,0.00,0.00,15.0,125.0,0,1,90.5,94.2,791,793,316,115,0
0.28,climb_cruise,0.0,0.0,35000.0,0,0.00,0.00,0.00,0.00,15.0,125.0,0,1,90.3,94.3,791,793,316,115,0
0.30,climb_cruise,0.0,0.0,35000.0,0,0.00,0.00,0.00,0.00,15.0,125.0,0,1,90.1,94.3,791,793,316,116,0
0.32,climb_cruise,0.0,0.0,35000.0,0,0.00,0.00,0.00,0.00,15.0,125.0,0,1,89.9,94.4,791,793,316,114,0
0.34,climb_cruise,0.0,0.0,35000.0,0,0.00,0.00,0.00,0.00,15.0,125.0,0,1,89.7,94.5,791,793,316,116,0
0.36,climb_cruise,0.0,0.0,35000.0,0,0.00,0.00,0.00,0.00,15.0,125.0,0,1,89.6,94.6,791,793,316,116,0
0.38,climb_cruise,0.0,0.0,35000.0,0,0.00,0.00,0.00,0.00,15.0,125.0,0,1,89.4,94.7,791,793,316,116,0
0.40,climb_cruise,0.0,0.0,35000.0,0,0.00,0.00,0.00,0.00,15.0,125.0,0,1,89.2,94.8,791,793,316,115,0
0.42,climb_cruise,0.0,0.0,35000.0,0,0.00,0.00,0.00,0.00,15.0,125.0,0,1,89.0,94.8,791,794,316,115,0
0.44,climb_cruise,0.0,0.0,35000.0,0,0.00,0.00,0.00,0.00,15.0,125.0,0,1,88.9,94.9,791,794,316,116,0
0.46,climb_cruise,0.0,0.0,35000.0,0,0.00,0.00,0.00,0.00,15.0,125.0,0,1,88.7,95.0,791,794,316,115,0
0.48,climb_cruise,0.0,0.0,35000.0,0,0.00,0.00,0.00,0.00,15.0,125.0,0,1,88.5,95.1,791,794,316,115,0
0.50,climb_cruise,0.0,0.0,35000.0,0,0.00,0.00,0.00,0.00,15.0,125.0,0,1,88.3,95.1,791,794,316,114,0
0.52,climb_cruise,0.0,0.0,35000.0,0,0.00,0.00,0.00,0.00,15.0,125.0,0,1,88.1,95.2,791,794,316,115,0
0.54,climb_cruise,0.0,0.0,35000.0,0,0.00,0.00,0.00,0.00,15.0,125.0,0,1,88.0,95.3,791,794,316,114,0
0.56,climb_cruise,0.0,0.0,35000.0,0,0.00,0.00,0.00,0.00,15.0,125.0,0,1,87.8,95.4,791,794,316,115,0
0.58,climb_cruise,0.0,0.0,35000.0,0,0.00,0.00,0.00,0.00,15.0,125.0,0,1,87.6,95.4,791,794,316,115,0
0.60,climb_cruise,0.0,0.0,35000.0,0,0.00,0.00,0.00,0.00,15.0,125.0,0,1,87.4,95.5,791,795,316,115,0
0.62,climb_cruise,0.0,0.0,35000.0,0,0.00,0.00,0.00,0.00,15.0,125.0,0,1,87.3,95.6,791,795,316,115,0
0.64,climb_cruise,0.0,0.0,35000.0,0,0.00,0.00,0.00,0.00,15.0,125.0,0,1,87.1,95.7,791,795,316,116,0
0.66,climb_cruise,0.0,0.0,35000.0,0,0.00,0.00,0.00,0.00,15.0,125.0,0,1,86.9,95.7,791,795,316,114,0
0.68,climb_cruise,0.0,0.0,35000.0,0,0.00,0.00,0.00,0.00,15.0,125.0,0,1,86.7,95.8,791,795,316,116,0
0.70,climb_cruise,0.0,0.0,35000.0,0,0.00,0.00,0.00,0.00,15.0,125.0,0,1,86.6,95.9,791,795,316,115,0
0.72,climb_cruise,0.0,0.0,35000.0,0,0.00,0.00,0.00,0.00,15.0,125.0,0,1,86.4,95.9,791,795,316,116,0
0.74,climb_cruise,0.0,0.0,35000.0,0,0.00,0.00,0.00,0.00,15.0,125.0,0,1,86.2,96.0,791,795,316,114,0
0.76,climb_cruise,0.0,0.0,35000.0,0,0.00,0.00,0.00,0.00,15.0,125.0,0,1,86.1,96.1,791,795,316,115,0
0.78,climb_cruise,0.0,0.0,35000.0,0,0.00,0.00,0.00,0.00,15.0,125.0,0,1,85.9,96.1,791,796,316,115,0
0.80,climb_cruise,0.0,0.0,35000.0,0,0.00,0.00,0.00,0.00,15.0,125.0,0,1,85.7,96.2,791,796,316,115,0
0.82,climb_cruise,0.0,0.0,35000.0,0,0.00,0.00,0.00,0.00,15.0,125.0,0,1,85.5,96.3,791,796,316,114,0
0.84,climb_cruise,0.0,0.0,35000.0,0,0.00,0.00,0.00,0.00,15.0,125.0,0,1,85.4,96.3,791,796,316,115,0
0.86,climb_cruise,0.0,0.0,35000.0,0,0.00,0.00,0.00,0.00,15.0,125.0,0,1,85.2,96.4,791,796,316,116,0
0.88,climb_cruise,0.0,0.0,35000.0,0,0.00,0.00,0.00,0.00,15.0,125.0,0,1,85.0,96.5,791,796,316,114,0
0.90,climb_cruise,0.0,0.0,35000.0,0,0.00,0.00,0.00,0.00,15.0,125.0,0,1,84.9,96.5,791,796,316,116,0
0.92,climb_cruise,0.0,0.0,35000.0,0,0.00,0.00,0.00,0.00,15.0,125.0,0,1,84.7,96.6,791,796,316,116,0
0.94,climb_cruise,0.0,0.0,35000.0,0,0.00,0.00,0.00,0.00,15.0,125.0,0,1,84.5,96.6,791,796,316,116,0
0.96,climb_cruise,0.0,0.0,35000.0,0,0.00,0.00,0.00,0.00,15.0,125.0,0,1,84.4,96.7,791,796,316,115,0
0.98,climb_cruise,0.0,0.0,35000.0,0,0.00,0.00,0.00,0.00,15.0,125.0,0,1,84.2,96.8,791,796,316,115,0
1.00,climb_cruise,0.0,0.0,35000.0,0,0.00,0.00,0.00,0.00,15.0,125.0,0,1,84.0,96.8,791,797,316,116,0
1.02,climb_cruise,0.0,0.0,35000.0,0,0.00,0.00,0.00,0.00,15.0,125.0,0,1,83.8,96.9,791,797,316,115,0
1.04,climb_cruise,0.0,0.0,35000.0,0,0.00,0.00,0.00,0.00,15.0,125.0,0,1,83.7,96.9,791,797,316,114,0
1.06,climb_cruise,0.0,0.0,35000.0,0,0.00,0.00,0.00,0.00,15.0,125.0,0,1,83.5,97.0,791,797,316,114,0
1.08,climb_cruise,0.0,0.0,35000.0,0,0.00,0.00,0.00,0.00,15.0,125.0,0,1,83.3,97.1,791,797,316,116,0
1.10,climb_cruise,0.0,0.0,35000.0,0,0.00,0.00,0.00,0.00,15.0,125.0,0,1,83.2,97.1,791,797,316,115,0
1.12,climb_cruise,0.0,0.0,35000.0,0,0.00,0.00,0.00,0.00,15.0,125.0,0,1,83.0,97.2,791,797,316,114,0
1.14,climb_cruise,0.0,0.0,35000.0,0,0.00,0.00,0.00,0.00,15.0,125.0,0,1,82.8,97.2,791,797,316,115,0
1.16,climb_cruise,0.0,0.0,35000.0,0,0.00,0.00,0.00,0.00,15.0,125.0,0,1,82.7,97.3,791,797,316,115,0
1.18,climb_cruise,0.0,0.0,35000.0,0,0.00,0.00,0.00,0.00,15.0,125.0,0,1,82.5,97.3,791,797,316,115,0
1.20,climb_cruise,0.0,0.0,35000.0,0,0.00,0.00,0.00,0.00,15.0,125.0,0,1,82.4,97.4,791,797,316,115,0
1.22,climb_cruise,0.0,0.0,35000.0,0,0.00,0.00,0.00,0.00,15.0,125.0,0,1,82.2,97.4,791,797,316,115,0
1.24,climb_cruise,0.0,0.0,35000.0,0,0.00,0.00,0.00,0.00,15.0,125.0,0,1,82.0,97.5,791,798,316,115,0
1.26,climb_cruise,0.0,0.0,35000.0,0,0.00,0.00,0.00,0.00,15.0,125.0,0,1,81.9,97.5,791,798,316,116,0
1.28,climb_cruise,0.0,0.0,35000.0,0,0.00,0.00,0.00,0.00,15.0,125.0,0,1,81.7,97.6,791,798,316,116,0
1.30,climb_cruise,0.0,0.0,35000.0,0,0.00,0.00,0.00,0.00,15.0,125.0,0,1,81.5,97.6,791,798,316,115,0
1.32,climb_cruise,0.0,0.0,35000.0,0,0.00,0.00,0.00,0.00,15.0,125.0,0,1,81.4,97.7,791,798,316,114,0
1.34,climb_cruise,0.0,0.0,35000.0,0,0.00,0.00,0.00,0.00,15.0,125.0,0,1,81.2,97.7,791,798,316,116,0
1.36,climb_cruise,0.0,0.0,35000.0,0,0.00,0.00,0.00,0.00,15.0,125.0,0,1,81.0,97.8,791,798,316,116,0
1.38,climb_cruise,0.0,0.0,35000.0,0,0.00,0.00,0.00,0.00,15.0,125.0,0,1,80.9,97.8,791,798,316,114,0
1.40,climb_cruise,0.0,0.0,35000.0,0,0.00,0.00,0.00,0.00,15.0,125.0,0,1,80.7,97.9,791,798,316,116,0
1.42,climb_cruise,0.0,0.0,35000.0,0,0.00,0.00,0.00,0.00,15.0,125.0,0,1,80.6,97.9,791,798,316,116,0
1.44,climb_cruise,0.0,0.0,35000.0,0,0.00,0.00,0.00,0.00,15.0,125.0,0,1,80.4,98.0,791,798,316,115,0
1.46,climb_cruise,0.0,0.0,35000.0,0,0.00,0.00,0.00,0.00,15.0,125.0,0,1,80.2,98.0,791,798,316,115,0
1.48,climb_cruise,0.0,0.0,35000.0,0,0.00,0.00,0.00,0.00,15.0,125.0,0,1,80.1,98.1,791,798,316,114,0
1.50,climb_cruise,0.0,0.0,35000.0,0,0.00,0.00,0.00,0.00,15.0,125.0,0,1,79.9,98.1,791,798,316,115,0
1.52,climb_cruise,0.0,0.0,35000.0,0,0.00,0.00,0.00,0.00,15.0,125.0,0,1,79.8,98.2,791,799,316,116,0
1.54,climb_cruise,0.0,0.0,35000.0,0,0.00,0.00,0.00,0.00,15.0,125.0,0,1,79.6,98.2,791,799,316,114,0
1.56,climb_cruise,0.0,0.0,35000.0,0,0.00,0.00,0.00,0.00,15.0,125.0,0,1,79.4,98.2,791,799,316,115,0
1.58,climb_cruise,0.0,0.0,35000.0,0,0.00,0.00,0.00,0.00,15.0,125.0,0,1,79.3,98.3,791,799,316,114,0
1.60,climb_cruise,0.0,0.0,35000.0,0,0.00,0.00,0.00,0.00,15.0,125.0,0,1,79.1,98.3,791,799,316,116,0
1.62,climb_cruise,0.0,0.0,35000.0,0,0.00,0.00,0.00,0.00,15.0,125.0,0,1,79.0,98.4,791,799,316,115,0
1.64,climb_cruise,0.0,0.0,35000.0,0,0.00,0.00,0.00,0.00,15.0,125.0,0,1,78.8,98.4,791,799,316,116,0
1.66,climb_cruise,0.0,0.0,35000.0,0,0.00,0.00,0.00,0.00,15.0,125.0,0,1,78.6,98.5,791,799,316,116,0
1.68,climb_cruise,0.0,0.0,35000.0,0,0.00,0.00,0.00,0.00,15.0,125.0,0,1,78.5,98.5,791,799,316,116,0
1.70,climb_cruise,0.0,0.0,35000.0,0,0.00,0.00,0.00,0.00,15.0,125.0,0,1,78.3,98.5,791,799,316,114,0
1.72,climb_cruise,0.0,0.0,35000.0,0,0.00,0.00,0.00,0.00,15.0,125.0,0,1,78.2,98.6,791,799,316,116,0
1.74,climb_cruise,0.0,0.0,35000.0,0,0.00,0.00,0.00,0.00,15.0,125.0,0,1,78.0,98.6,791,799,316,116,0
1.76,climb_cruise,0.0,0.0,35000.0,0,0.00,0.00,0.00,0.00,15.0,125.0,0,1,77.9,98.7,791,799,316,116,0
1.78,climb_cruise,0.0,0.0,35000.0,0,0.00,0.00,0.00,0.00,15.0,125.0,0,1,77.7,98.7,791,799,316,116,0
1.80,climb_cruise,0.0,0.0,35000.0,0,0.00,0.00,0.00,0.00,15.0,125.0,0,1,77.6,98.7,791,799,316,114,0
1.82,climb_cruise,0.0,0.0,35000.0,0,0.00,0.00,0.00,0.00,15.0,125.0,0,1,77.4,98.8,791,799,316,115,0
1.84,climb_cruise,0.0,0.0,35000.0,0,0.00,0.00,0.00,0.00,15.0,125.0,0,1,77.2,98.8,791,799,316,115,0
1.86,climb_cruise,0.0,0.0,35000.0,0,0.00,0.00,0.00,0.00,15.0,125.0,0,1,77.1,98.8,791,799,316,114,0
1.88,climb_cruise,0.0,0.0,35000.0,0,0.00,0.00,0.00,0.00,15.0,125.0,0,1,76.9,98.9,791,800,316,115,0
1.90,climb_cruise,0.0,0.0,35000.0,0,0.00,0.00,0.00,0.00,15.0,125.0,0,1,76.8,98.9,791,800,316,116,0
1.92,climb_cruise,0.0,0.0,35000.0,0,0.00,0.00,0.00,0.00,15.0,125.0,0,1,76.6,98.9,791,800,316,114,0
1.94,climb_cruise,0.0,0.0,35000.0,0,0.00,0.00,0.00,0.00,15.0,125.0,0,1,76.5,99.0,791,800,316,115,0
1.96,climb_cruise,0.0,0.0,35000.0,0,0.00,0.00,0.00,0.00,15.0,125.0,0,1,76.3,99.0,791,800,316,114,0
1.98,climb_cruise,0.0,0.0,35000.0,0,0.00,0.00,0.00,0.00,15.0,125.0,0,1,76.2,99.1,791,800,316,116,0
2.00,climb_cruise,0.0,0.0,35000.0,0,0.00,0.00,0.00,0.00,15.0,125.0,0,1,76.0,99.1,791,800,316,116,0
2.02,climb_cruise,0.0,0.0,35000.0,0,0.00,0.00,0.00,0.00,15.0,125.0,0,1,75.9,99.1,791,800,316,115,0
2.04,climb_cruise,0.0,0.0,35000.0,0,0.00,0.00,0.00,0.00,15.0,125.0,0,1,75.7,99.2,791,800,316,114,0
2.06,climb_cruise,0.0,0.0,35000.0,0,0.00,0.00,0.00,0.00,15.0,125.0,0,1,75.6,99.2,791,800,316,115,0
2.08,climb_cruise,0.0,0.0,35000.0,0,0.00,0.00,0.00,0.00,15.0,125.0,0,1,75.4,99.2,791,800,316,115,0
2.10,climb_cruise,0.0,0.0,35000.0,0,0.00,0.00,0.00,0.00,15.0,125.0,0,1,75.3,99.3,791,800,316,115,0
2.12,climb_cruise,0.0,0.0,35000.0,0,0.00,0.00,0.00,0.00,15.0,125.0,0,1,75.1,99.3,791,800,316,115,0
2.14,climb_cruise,0.0,0.0,35000.0,0,0.00,0.00,0.00,0.00,15.0,125.0,0,1,75.0,99.3,791,800,316,115,0
2.16,climb_cruise,0.0,0.0,35000.0,0,0.00,0.00,0.00,0.00,15.0,125.0,0,1,74.8,99.3,791,800,316,116,0
2.18,climb_cruise,0.0,0.0,35000.0,0,0.00,0.00,0.00,0.00,15.0,125.0,0,1,74.7,99.4,791,800,316,115,0
2.20,climb_cruise,0.0,0.0,35000.0,0,0.00,0.00,0.00,0.00,15.0,125.0,0,1,74.5,99.4,791,800,316,114,0
2.22,climb_cruise,0.0,0.0,35000.0,0,0.00,0.00,0.00,0.00,15.0,125.0,0,1,74.4,99.4,791,800,316,114,0
2.24,climb_cruise,0.0,0.0,35000.0,0,0.00,0.00,0.00,0.00,15.0,125.0,0,1,74.2,99.5,791,800,316,114,0
2.26,climb_cruise,0.0,0.0,35000.0,0,0.00,0.00,0.00,0.00,15.0,125.0,0,1,74.1,99.5,791,800,316,116,0
2.28,climb_cruise,0.0,0.0,35000.0,0,0.00,0.00,0.00,0.00,15.0,125.0,0,1,73.9,99.5,791,800,316,115,0
2.30,climb_cruise,0.0,0.0,35000.0,0,0.00,0.00,0.00,0.00,15.0,125.0,0,1,73.8,99.6,791,801,316,116,0
2.32,climb_cruise,0.0,0.0,35000.0,0,0.00,0.00,0.00,0.00,15.0,125.0,0,1,73.6,99.6,791,801,316,114,0
2.34,climb_cruise,0.0,0.0,35000.0,0,0.00,0.00,0.00,0.00,15.0,125.0,0,1,73.5,99.6,791,801,316,114,0
2.36,climb_cruise,0.0,0.0,35000.0,0,0.00,0.00,0.00,0.00,15.0,125.0,0,1,73.3,99.6,791,801,316,115,0
2.38,climb_cruise,0.0,0.0,35000.0,0,0.00,0.00,0.00,0.00,15.0,125.0,0,1,73.2,99.7,791,801,316,114,0
2.40,climb_cruise,0.0,0.0,35000.0,0,0.00,0.00,0.00,0.00,15.0,125.0,0,1,73.0,99.7,791,801,316,114,0
2.42,climb_cruise,0.0,0.0,35000.0,0,0.00,0.00,0.00,0.00,15.0,125.0,0,1,72.9,99.7,791,801,316,114,0
2.44,climb_cruise,0.0,0.0,35000.0,0,0.00,0.00,0.00,0.00,15.0,125.0,0,1,72.7,99.7,791,801,316,116,0
2.46,climb_cruise,0.0,0.0,35000.0,0,0.00,0.00,0.00,0.00,15.0,125.0,0,1,72.6,99.8,791,801,316,115,0
2.48,climb_cruise,0.0,0.0,35000.0,0,0.00,0.00,0.00,0.00,15.0,125.0,0,1,72.5,99.8,791,801,316,116,0
2.50,climb_cruise,0.0,0.0,35000.0,0,0.00,0.00,0.00,0.00,15.0,125.0,0,1,72.3,99.8,791,801,316,116,0
2.52,climb_cruise,0.0,0.0,35000.0,0,0.00,0.00,0.00,0.00,15.0,125.0,0,1,72.2,99.8,791,801,316,115,0
2.54,climb_cruise,0.0,0.0,35000.0,0,0.00,0.00,0.00,0.00,15.0,125.0,0,1,72.0,99.9,791,801,316,114,0
2.56,climb_cruise,0.0,0.0,35000.0,0,0.00,0.00,0.00,0.00,15.0,125.0,0,1,71.9,99.9,791,801,316,114,0
2.58,climb_cruise,0.0,0.0,35000.0,0,0.00,0.00,0.00,0.00,15.0,125.0,0,1,71.7,99.9,791,801,316,115,0
2.60,climb_cruise,0.0,0.0,35000.0,0,0.00,0.00,0.00,0.00,15.0,125.0,0,1,71.6,99.9,791,801,316,115,0
2.62,climb_cruise,0.0,0.0,35000.0,0,0.00,0.00,0.00,0.00,15.0,125.0,0,1,71.4,100.0,791,801,316,114,0
2.64,climb_cruise,0.0,0.0,35000.0,0,0.00,0.00,0.00,0.00,15.0,125.0,0,1,71.3,100.0,791,801,316,114,0
2.66,climb_cruise,0.0,0.0,35000.0,0,0.00,0.00,0.00,0.00,15.0,125.0,0,1,71.2,100.0,791,801,316,116,0
2.68,climb_cruise,0.0,0.0,35000.0,0,0.00,0.00,0.00,0.00,15.0,125.0,0,1,71.0,100.0,791,801,316,114,0
2.70,climb_cruise,0.0,0.0,35000.0,0,0.00,0.00,0.00,0.00,15.0,125.0,0,1,70.9,100.1,791,801,316,114,0
2.72,climb_cruise,0.0,0.0,35000.0,0,0.00,0.00,0.00,0.00,15.0,125.0,0,1,70.7,100.1,791,801,316,116,0
2.74,climb_cruise,0.0,0.0,35000.0,0,0.00,0.00,0.00,0.00,15.0,125.0,0,1,70.6,100.1,791,801,316,114,0
2.76,climb_cruise,0.0,0.0,35000.0,0,0.00,0.00,0.00,0.00,15.0,125.0,0,1,70.5,100.1,791,801,316,115,0
2.78,climb_cruise,0.0,0.0,35000.0,0,0.00,0.00,0.00,0.00,15.0,125.0,0,1,70.3,100.1,791,801,316,115,0
2.80,climb_cruise,0.0,0.0,35000.0,0,0.00,0.00,0.00,0.00,15.0,125.0,0,1,70.2,100.2,791,801,316,115,0
2.82,climb_cruise,0.0,0.0,35000.0,0,0.00,0.00,0.00,0.00,15.0,125.0,0,1,70.0,100.2,791,801,316,115,0
2.84,climb_cruise,0.0,0.0,35000.0,0,0.00,0.00,0.00,0.00,15.0,125.0,0,1,69.9,100.2,791,801,316,115,0
2.86,climb_cruise,0.0,0.0,35000.0,0,0.00,0.00,0.00,0.00,15.0,125.0,0,1,69.8,100.2,791,801,316,115,0
2.88,climb_cruise,0.0,0.0,35000.0,0,0.00,0.00,0.00,0.00,15.0,125.0,0,1,69.6,100.3,791,802,316,116,0
2.90,climb_cruise,0.0,0.0,35000.0,0,0.00,0.00,0.00,0.00,15.0,125.0,0,1,69.5,100.3,791,802,316,116,0
2.92,climb_cruise,0.0,0.0,35000.0,0,0.00,0.00,0.00,0.00,15.0,125.0,0,1,69.3,100.3,791,802,316,116,0
2.94,climb_cruise,0.0,0.0,35000.0,0,0.00,0.00,0.00,0.00,15.0,125.0,0,1,69.2,100.3,791,802,316,114,0
2.96,climb_cruise,0.0,0.0,35000.0,0,0.00,0.00,0.00,0.00,15.0,125.0,0,1,69.1,100.3,791,802,316,116,0
2.98,climb_cruise,0.0,0.0,35000.0,0,0.00,0.00,0.00,0.00,15.0,125.0,0,1,68.9,100.4,791,802,316,114,0
3.00,climb_cruise,0.0,0.0,35000.0,0,0.00,0.00,0.00,0.00,15.0,125.0,0,1,68.8,100.4,791,802,16,116,0
3.02,climb_cruise,0.0,0.0,35000.0,0,0.00,0.00,0.00,0.00,15.0,125.0,0,1,68.6,100.4,791,802,16,114,0
3.04,climb_cruise,0.0,0.0,35000.0,0,0.00,0.00,0.00,0.00,15.0,125.0,0,1,68.5,100.4,791,802,16,114,0
3.06,climb_cruise,0.0,0.0,35000.0,0,0.00,0.00,0.00,0.00,15.0,125.0,0,1,68.4,100.4,791,802,16,115,0
3.08,climb_cruise,0.0,0.0,35000.0,0,0.00,0.00,0.00,0.00,15.0,125.0,0,1,68.2,100.4,791,802,16,114,0
3.10,climb_cruise,0.0,0.0,35000.0,0,0.00,0.00,0.00,0.00,15.0,125.0,0,1,68.1,100.5,791,802,16,115,0
3.12,climb_cruise,0.0,0.0,35000.0,0,0.00,0.00,0.00,0.00,15.0,125.0,0,1,68.0,100.5,791,802,16,115,0
3.14,climb_cruise,0.0,0.0,35000.0,0,0.00,0.00,0.00,0.00,15.0,125.0,0,1,67.8,100.5,791,802,16,114,0
3.16,climb_cruise,0.0,0.0,35000.0,0,0.00,0.00,0.00,0.00,15.0,125.0,0,1,67.7,100.5,791,802,16,116,0
3.18,climb_cruise,0.0,0.0,35000.0,0,0.00,0.00,0.00,0.00,15.0,125.0,0,1,67.6,100.5,791,802,16,115,0
3.20,climb_cruise,0.0,0.0,35000.0,0,0.00,0.00,0.00,0.00,15.0,125.0,0,1,67.4,100.6,791,802,16,115,0
3.22,climb_cruise,0.0,0.0,35000.0,0,0.00,0.00,0.00,0.00,15.0,125.0,0,1,67.3,100.6,791,802,16,114,0
3.24,climb_cruise,0.0,0.0,35000.0,0,0.00,0.00,0.00,0.00,15.0,125.0,0,1,67.2,100.6,791,802,16,115,0
3.26,climb_cruise,0.0,0.0,35000.0,0,0.00,0.00,0.00,0.00,15.0,125.0,0,1,67.0,100.6,791,802,16,115,0
3.28,climb_cruise,0.0,0.0,35000.0,0,0.00,0.00,0.00,0.00,15.0,125.0,0,1,66.9,100.6,791,802,16,114,0
3.30,climb_cruise,0.0,0.0,35000.0,0,0.00,0.00,0.00,0.00,15.0,125.0,0,1,66.7,100.6,791,802,16,115,0
3.32,climb_cruise,0.0,0.0,35000.0,0,0.00,0.00,0.00,0.00,15.0,125.0,0,1,66.6,100.6,791,802,16,115,0
3.34,climb_cruise,0.0,0.0,35000.0,0,0.00,0.00,0.00,0.00,15.0,125.0,0,1,66.5,100.7,791,802,16,115,0
3.36,climb_cruise,0.0,0.0,35000.0,0,0.00,0.00,0.00,0.00,15.0,125.0,0,1,66.4,100.7,791,802,16,114,0
3.38,climb_cruise,0.0,0.0,35000.0,0,0.00,0.00,0.00,0.00,15.0,125.0,0,1,66.2,100.7,791,802,16,114,0
3.40,climb_cruise,0.0,0.0,35000.0,0,0.00,0.00,0.00,0.00,15.0,125.0,0,1,66.1,100.7,791,802,16,115,0
3.42,climb_cruise,0.0,0.0,35000.0,0,0.00,0.00,0.00,0.00,15.0,125.0,0,1,66.0,100.7,791,802,16,115,0
3.44,climb_cruise,0.0,0.0,35000.0,0,0.00,0.00,0.00,0.00,15.0,125.0,0,1,65.8,100.7,791,802,16,115,0
3.46,climb_cruise,0.0,0.0,35000.0,0,0.00,0.00,0.00,0.00,15.0,125.0,0,1,65.7,100.8,791,802,16,114,0
3.48,climb_cruise,0.0,0.0,35000.0,0,0.00,0.00,0.00,0.00,15.0,125.0,0,1,65.6,100.8,791,802,16,115,0
3.50,climb_cruise,0.0,0.0,35000.0,0,0.00,0.00,0.00,0.00,15.0,125.0,0,1,65.4,100.8,791,802,16,115,0
3.52,climb_cruise,0.0,0.0,35000.0,0,0.00,0.00,0.00,0.00,15.0,125.0,0,1,65.3,100.8,791,802,16,115,0
3.54,climb_cruise,0.0,0.0,35000.0,0,0.00,0.00,0.00,0.00,15.0,125.0,0,1,65.2,100.8,791,802,16,115,0
3.56,climb_cruise,0.0,0.0,35000.0,0,0.00,0.00,0.00,0.00,15.0,125.0,0,1,65.0,100.8,791,802,16,114,0
3.58,climb_cruise,0.0,0.0,35000.0,0,0.00,0.00,0.00,0.00,15.0,125.0,0,1,64.9,100.8,791,802,16,115,0
3.60,climb_cruise,0.0,0.0,35000.0,0,0.00,0.00,0.00,0.00,15.0,125.0,0,1,64.8,100.9,791,802,16,116,0
3.62,climb_cruise,0.0,0.0,35000.0,0,0.00,0.00,0.00,0.00,15.0,125.0,0,1,64.6,100.9,791,802,16,115,0
3.64,climb_cruise,0.0,0.0,35000.0,0,0.00,0.00,0.00,0.00,15.0,125.0,0,1,64.5,100.9,791,802,16,114,0
3.66,climb_cruise,0.0,0.0,35000.0,0,0.00,0.00,0.00,0.00,15.0,125.0,0,1,64.4,100.9,791,802,16,115,0
3.68,climb_cruise,0.0,0.0,35000.0,0,0.00,0.00,0.00,0.00,15.0,125.0,0,1,64.3,100.9,791,802,16,115,0
3.70,climb_cruise,0.0,0.0,35000.0,0,0.00,0.00,0.00,0.00,15.0,125.0,0,1,64.1,100.9,791,802,16,115,0
3.72,climb_cruise,0.0,0.0,35000.0,0,0.00,0.00,0.00,0.00,15.0,125.0,0,1,64.0,100.9,791,802,16,114,0
3.74,climb_cruise,0.0,0.0,35000.0,0,0.00,0.00,0.00,0.00,15.0,125.0,0,1,63.9,100.9,791,802,16,115,0
3.76,climb_cruise,0.0,0.0,35000.0,0,0.00,0.00,0.00,0.00,15.0,125.0,0,1,63.7,101.0,791,803,16,115,0
3.78,climb_cruise,0.0,0.0,35000.0,0,0.00,0.00,0.00,0.00,15.0,125.0,0,1,63.6,101.0,791,803,16,115,0
3.80,climb_cruise,0.0,0.0,35000.0,0,0.00,0.00,0.00,0.00,15.0,125.0,0,1,63.5,101.0,791,803,16,114,0
3.82,climb_cruise,0.0,0.0,35000.0,0,0.00,0.00,0.00,0.00,15.0,125.0,0,1,63.4,101.0,791,803,16,114,0
3.84,climb_cruise,0.0,0.0,35000.0,0,0.00,0.00,0.00,0.00,15.0,125.0,0,1,63.2,101.0,791,803,16,115,0
3.86,climb_cruise,0.0,0.0,35000.0,0,0.00,0.00,0.00,0.00,15.0,125.0,0,1,63.1,101.0,791,803,16,115,0
3.88,climb_cruise,0.0,0.0,35000.0,0,0.00,0.00,0.00,0.00,15.0,125.0,0,1,63.0,101.0,791,803,16,114,0
3.90,climb_cruise,0.0,0.0,35000.0,0,0.00,0.00,0.00,0.00,15.0,125.0,0,1,62.9,101.0,791,803,16,115,0
3.92,climb_cruise,0.0,0.0,35000.0,0,0.00,0.00,0.00,0.00,15.0,125.0,0,1,62.7,101.0,791,803,16,115,0
3.94,climb_cruise,0.0,0.0,35000.0,0,0.00,0.00,0.00,0.00,15.0,125.0,0,1,62.6,101.1,791,803,16,115,0
3.96,climb_cruise,0.0,0.0,35000.0,0,0.00,0.00,0.00,0.00,15.0,125.0,0,1,62.5,101.1,791,803,16,115,0
3.98,climb_cruise,0.0,0.0,35000.0,0,0.00,0.00,0.00,0.00,15.0,125.0,0,1,62.4,101.1,791,803,16,115,0
4.00,climb_cruise,0.0,0.0,35000.0,0,0.00,0.00,0.00,0.00,15.0,125.0,0,1,62.2,101.1,791,803,16,114,0
4.02,climb_cruise,0.0,0.0,35000.0,0,0.00,0.00,0.00,0.00,15.0,125.0,0,1,62.1,101.1,791,803,16,116,0
4.04,climb_cruise,0.0,0.0,35000.0,0,0.00,0.00,0.00,0.00,15.0,125.0,0,1,62.0,101.1,791,803,16,115,0
4.06,climb_cruise,0.0,0.0,35000.0,0,0.00,0.00,0.00,0.00,15.0,125.0,0,1,61.9,101.1,791,803,16,114,0
4.08,climb_cruise,0.0,0.0,35000.0,0,0.00,0.00,0.00,0.00,15.0,125.0,0,1,61.7,101.1,791,803,16,116,0
4.10,climb_cruise,0.0,0.0,35000.0,0,0.00,0.00,0.00,0.00,15.0,125.0,0,1,61.6,101.1,791,803,16,115,0
4.12,climb_cruise,0.0,0.0,35000.0,0,0.00,0.00,0.00,0.00,15.0,125.0,0,1,61.5,101.2,791,803,16,116,0
4.14,climb_cruise,0.0,0.0,35000.0,0,0.00,0.00,0.00,0.00,15.0,125.0,0,1,61.4,101.2,791,803,16,116,0
4.16,climb_cruise,0.0,0.0,35000.0,0,0.00,0.00,0.00,0.00,15.0,125.0,0,1,61.2,101.2,791,803,16,116,0
4.18,climb_cruise,0.0,0.0,35000.0,0,0.00,0.00,0.00,0.00,15.0,125.0,0,1,61.1,101.2,791,803,16,114,0
4.20,climb_cruise,0.0,0.0,35000.0,0,0.00,0.00,0.00,0.00,15.0,125.0,0,1,61.0,101.2,791,803,16,115,0
4.22,climb_cruise,0.0,0.0,35000.0,0,0.00,0.00,0.00,0.00,15.0,125.0,0,1,60.9,101.2,791,803,16,115,0
4.24,climb_cruise,0.0,0.0,35000.0,0,0.00,0.00,0.00,0.00,15.0,125.0,0,1,60.8,101.2,791,803,16,115,0
4.26,climb_cruise,0.0,0.0,35000.0,0,0.00,0.00,0.00,0.00,15.0,125.0,0,1,60.6,101.2,791,803,16,116,0
4.28,climb_cruise,0.0,0.0,35000.0,0,0.00,0.00,0.00,0.00,15.0,125.0,0,1,60.5,101.2,791,803,16,116,0
4.30,climb_cruise,0.0,0.0,35000.0,0,0.00,0.00,0.00,0.00,15.0,125.0,0,1,60.4,101.2,791,803,16,115,0
4.32,climb_cruise,0.0,0.0,35000.0,0,0.00,0.00,0.00,0.00,15.0,125.0,0,1,60.3,101.2,791,803,16,116,0
4.34,climb_cruise,0.0,0.0,35000.0,0,0.00,0.00,0.00,0.00,15.0,125.0,0,1,60.2,101.3,791,803,16,116,0
4.36,climb_cruise,0.0,0.0,35000.0,0,0.00,0.00,0.00,0.00,15.0,125.0,0,1,60.0,101.3,791,803,16,114,0
4.38,climb_cruise,0.0,0.0,35000.0,0,0.00,0.00,0.00,0.00,15.0,125.0,0,1,59.9,101.3,791,803,16,116,0
4.40,climb_cruise,0.0,0.0,35000.0,0,0.00,0.00,0.00,0.00,15.0,125.0,0,1,59.8,101.3,791,803,16,116,0
4.42,climb_cruise,0.0,0.0,35000.0,0,0.00,0.00,0.00,0.00,15.0,125.0,0,1,59.7,101.3,791,803,16,114,0
4.44,climb_cruise,0.0,0.0,35000.0,0,0.00,0.00,0.00,0.00,15.0,125.0,0,1,59.6,101.3,791,803,16,115,0
4.46,climb_cruise,0.0,0.0,35000.0,0,0.00,0.00,0.00,0.00,15.0,125.0,0,1,59.4,101.3,791,803,16,116,0
4.48,climb_cruise,0.0,0.0,35000.0,0,0.00,0.00,0.00,0.00,15.0,125.0,0,1,59.3,101.3,791,803,16,116,0
4.50,climb_cruise,0.0,0.0,35000.0,0,0.00,0.00,0.00,0.00,15.0,125.0,0,1,59.2,101.3,791,803,16,115,0
4.52,climb_cruise,0.0,0.0,35000.0,0,0.00,0.00,0.00,0.00,15.0,125.0,0,1,59.1,101.3,791,803,16,116,0
4.54,climb_cruise,0.0,0.0,35000.0,0,0.00,0.00,0.00,0.00,15.0,125.0,0,1,59.0,101.3,791,803,16,115,0
4.56,climb_cruise,0.0,0.0,35000.0,0,0.00,0.00,0.00,0.00,15.0,125.0,0,1,58.8,101.3,791,803,16,114,0
4.58,climb_cruise,0.0,0.0,35000.0,0,0.00,0.00,0.00,0.00,15.0,125.0,0,1,58.7,101.4,791,803,16,115,0
4.60,climb_cruise,0.0,0.0,35000.0,0,0.00,0.00,0.00,0.00,15.0,125.0,0,1,58.6,101.4,791,803,16,115,0
4.62,climb_cruise,0.0,0.0,35000.0,0,0.00,0.00,0.00,0.00,15.0,125.0,0,1,58.5,101.4,791,803,16,115,0
4.64,climb_cruise,0.0,0.0,35000.0,0,0.00,0.00,0.00,0.00,15.0,125.0,0,1,58.4,101.4,791,803,16,115,0
4.66,climb_cruise,0.0,0.0,35000.0,0,0.00,0.00,0.00,0.00,15.0,125.0,0,1,58.3,101.4,791,803,16,115,0
4.68,climb_cruise,0.0,0.0,35000.0,0,0.00,0.00,0.00,0.00,15.0,125.0,0,1,58.1,101.4,791,803,16,116,0
4.70,climb_cruise,0.0,0.0,35000.0,0,0.00,0.00,0.00,0.00,15.0,125.0,0,1,58.0,101.4,791,803,16,114,0
4.72,climb_cruise,0.0,0.0,35000.0,0,0.00,0.00,0.00,0.00,15.0,125.0,0,1,57.9,101.4,791,803,16,115,0
4.74,climb_cruise,0.0,0.0,35000.0,0,0.00,0.00,0.00,0.00,15.0,125.0,0,1,57.8,101.4,791,803,16,116,0
4.76,climb_cruise,0.0,0.0,35000.0,0,0.00,0.00,0.00,0.00,15.0,125.0,0,1,57.7,101.4,791,803,16,116,0
4.78,climb_cruise,0.0,0.0,35000.0,0,0.00,0.00,0.00,0.00,15.0,125.0,0,1,57.6,101.4,791,803,16,114,0
4.80,climb_cruise,0.0,0.0,35000.0,0,0.00,0.00,0.00,0.00,15.0,125.0,0,1,57.5,101.4,791,803,16,115,0
4.82,climb_cruise,0.0,0.0,35000.0,0,0.00,0.00,0.00,0.00,15.0,125.0,0,1,57.3,101.4,791,803,16,114,0
4.84,climb_cruise,0.0,0.0,35000.0,0,0.00,0.00,0.00,0.00,15.0,125.0,0,1,57.2,101.4,791,803,16,114,0
4.86,climb_cruise,0.0,0.0,35000.0,0,0.00,0.00,0.00,0.00,15.0,125.0,0,1,57.1,101.5,791,803,16,116,0
4.88,climb_cruise,0.0,0.0,35000.0,0,0.00,0.00,0.00,0.00,15.0,125.0,0,1,57.0,101.5,791,803,16,115,0
4.90,climb_cruise,0.0,0.0,35000.0,0,0.00,0.00,0.00,0.00,15.0,125.0,0,1,56.9,101.5,791,803,16,116,0
4.92,climb_cruise,0.0,0.0,35000.0,0,0.00,0.00,0.00,0.00,15.0,125.0,0,1,56.8,101.5,791,803,16,115,0
4.94,climb_cruise,0.0,0.0,35000.0,0,0.00,0.00,0.00,0.00,15.0,125.0,0,1,56.7,101.5,791,803,16,116,0
4.96,climb_cruise,0.0,0.0,35000.0,0,0.00,0.00,0.00,0.00,15.0,125.0,0,1,56.5,101.5,791,803,16,115,0
4.98,climb_cruise,0.0,0.0,35000.0,0,0.00,0.00,0.00,0.00,15.0,125.0,0,1,56.4,101.5,791,803,16,115,0
5.00,climb_cruise,0.0,0.0,35000.0,0,0.00,0.00,0.00,0.00,15.0,125.0,0,1,56.3,101.5,791,803,16,114,0
5.02,climb_cruise,0.0,0.0,35000.0,0,0.00,0.00,0.00,0.00,15.0,125.0,0,1,56.2,101.5,791,803,16,115,0
5.04,climb_cruise,0.0,0.0,35000.0,0,0.00,0.00,0.00,0.00,15.0,125.0,0,1,56.1,101.5,791,803,16,115,0
5.06,climb_cruise,0.0,0.0,35000.0,0,0.00,0.00,0.00,0.00,15.0,125.0,0,1,56.0,101.5,791,803,16,116,0
5.08,climb_cruise,0.0,0.0,35000.0,0,0.00,0.00,0.00,0.00,15.0,125.0,0,1,55.9,101.5,791,803,16,116,0
5.10,climb_cruise,0.0,0.0,35000.0,0,0.00,0.00,0.00,0.00,15.0,125.0,0,1,55.8,101.5,791,803,16,116,0
5.12,climb_cruise,0.0,0.0,35000.0,0,0.00,0.00,0.00,0.00,15.0,125.0,0,1,55.6,101.5,791,803,16,116,0
5.14,climb_cruise,0.0,0.0,35000.0,0,0.00,0.00,0.00,0.00,15.0,125.0,0,1,55.5,101.5,791,803,16,116,0
5.16,climb_cruise,0.0,0.0,35000.0,0,0.00,0.00,0.00,0.00,15.0,125.0,0,1,55.4,101.5,791,803,16,115,0
5.18,climb_cruise,0.0,0.0,35000.0,0,0.00,0.00,0.00,0.00,15.0,125.0,0,1,55.3,101.5,791,803,16,116,0
5.20,climb_cruise,0.0,0.0,35000.0,0,0.00,0.00,0.00,0.00,15.0,125.0,0,1,55.2,101.6,791,803,16,115,0
5.22,climb_cruise,0.0,0.0,35000.0,0,0.00,0.00,0.00,0.00,15.0,125.0,0,1,55.1,101.6,791,803,16,115,0
5.24,climb_cruise,0.0,0.0,35000.0,0,0.00,0.00,0.00,0.00,15.0,125.0,0,1,55.0,101.6,791,803,16,115,0
5.26,climb_cruise,0.0,0.0,35000.0,0,0.00,0.00,0.00,0.00,15.0,125.0,0,1,54.9,101.6,791,803,16,114,0
5.28,climb_cruise,0.0,0.0,35000.0,0,0.00,0.00,0.00,0.00,15.0,125.0,0,1,54.8,101.6,791,803,16,115,0
5.30,climb_cruise,0.0,0.0,35000.0,0,0.00,0.00,0.00,0.00,15.0,125.0,0,1,54.6,101.6,791,803,16,115,0
5.32,climb_cruise,0.0,0.0,35000.0,0,0.00,0.00,0.00,0.00,15.0,125.0,0,1,54.5,101.6,791,803,16,116,0
5.34,climb_cruise,0.0,0.0,35000.0,0,0.00,0.00,0.00,0.00,15.0,125.0,0,1,54.4,101.6,791,803,16,115,0
5.36,climb_cruise,0.0,0.0,35000.0,0,0.00,0.00,0.00,0.00,15.0,125.0,0,1,54.3,101.6,791,803,16,115,0
5.38,climb_cruise,0.0,0.0,35000.0,0,0.00,0.00,0.00,0.00,15.0,125.0,0,1,54.2,101.6,791,803,16,116,0
5.40,climb_cruise,0.0,0.0,35000.0,0,0.00,0.00,0.00,0.00,15.0,125.0,0,1,54.1,101.6,791,803,16,115,0
5.42,climb_cruise,0.0,0.0,35000.0,0,0.00,0.00,0.00,0.00,15.0,125.0,0,1,54.0,101.6,791,803,16,114,0
5.44,climb_cruise,0.0,0.0,35000.0,0,0.00,0.00,0.00,0.00,15.0,125.0,0,1,53.9,101.6,791,803,16,115,0
5.46,climb_cruise,0.0,0.0,35000.0,0,0.00,0.00,0.00,0.00,15.0,125.0,0,1,53.8,101.6,791,803,16,115,0
5.48,climb_cruise,0.0,0.0,35000.0,0,0.00,0.00,0.00,0.00,15.0,125.0,0,1,53.7,101.6,791,803,16,114,0
5.50,climb_cruise,0.0,0.0,35000.0,0,0.00,0.00,0.00,0.00,15.0,125.0,0,1,53.6,101.6,791,803,16,114,0
5.52,climb_cruise,0.0,0.0,35000.0,0,0.00,0.00,0.00,0.00,15.0,125.0,0,1,53.5,101.6,791,803,16,115,0
5.54,climb_cruise,0.0,0.0,35000.0,0,0.00,0.00,0.00,0.00,15.0,125.0,0,1,53.4,101.6,791,803,16,114,0
5.56,climb_cruise,0.0,0.0,35000.0,0,0.00,0.00,0.00,0.00,15.0,125.0,0,1,53.2,101.6,791,803,16,114,0
5.58,climb_cruise,0.0,0.0,35000.0,0,0.00,0.00,0.00,0.00,15.0,125.0,0,1,53.1,101.6,791,803,16,115,0
5.60,climb_cruise,0.0,0.0,35000.0,0,0.00,0.00,0.00,0.00,15.0,125.0,0,1,53.0,101.6,791,803,16,115,0
5.62,climb_cruise,0.0,0.0,35000.0,0,0.00,0.00,0.00,0.00,15.0,125.0,0,1,52.9,101.6,791,803,16,116,0
5.64,climb_cruise,0.0,0.0,35000.0,0,0.00,0.00,0.00,0.00,15.0,125.0,0,1,52.8,101.7,791,803,16,114,0
5.66,climb_cruise,0.0,0.0,35000.0,0,0.00,0.00,0.00,0.00,15.0,125.0,0,1,52.7,101.7,791,803,16,114,0
5.68,climb_cruise,0.0,0.0,35000.0,0,0.00,0.00,0.00,0.00,15.0,125.0,0,1,52.6,101.7,791,804,16,115,0
5.70,climb_cruise,0.0,0.0,35000.0,0,0.00,0.00,0.00,0.00,15.0,125.0,0,1,52.5,101.7,791,804,16,115,0
5.72,climb_cruise,0.0,0.0,35000.0,0,0.00,0.00,0.00,0.00,15.0,125.0,0,1,52.4,101.7,791,804,16,116,0
5.74,climb_cruise,0.0,0.0,35000.0,0,0.00,0.00,0.00,0.00,15.0,125.0,0,1,52.3,101.7,791,804,16,115,0
5.76,climb_cruise,0.0,0.0,35000.0,0,0.00,0.00,0.00,0.00,15.0,125.0,0,1,52.2,101.7,791,804,16,114,0
5.78,climb_cruise,0.0,0.0,35000.0,0,0.00,0.00,0.00,0.00,15.0,125.0,0,1,52.1,101.7,791,804,16,115,0
5.80,climb_cruise,0.0,0.0,35000.0,0,0.00,0.00,0.00,0.00,15.0,125.0,0,1,52.0,101.7,791,804,16,114,0
5.82,climb_cruise,0.0,0.0,35000.0,0,0.00,0.00,0.00,0.00,15.0,125.0,0,1,51.9,101.7,791,804,16,115,0
5.84,climb_cruise,0.0,0.0,35000.0,0,0.00,0.00,0.00,0.00,15.0,125.0,0,1,51.8,101.7,791,804,16,115,0
5.86,climb_cruise,0.0,0.0,35000.0,0,0.00,0.00,0.00,0.00,15.0,125.0,0,1,51.7,101.7,791,804,16,114,0
5.88,climb_cruise,0.0,0.0,35000.0,0,0.00,0.00,0.00,0.00,15.0,125.0,0,1,51.6,101.7,791,804,16,116,0
5.90,climb_cruise,0.0,0.0,35000.0,0,0.00,0.00,0.00,0.00,15.0,125.0,0,1,51.5,101.7,791,804,16,115,0
5.92,climb_cruise,0.0,0.0,35000.0,0,0.00,0.00,0.00,0.00,15.0,125.0,0,1,51.4,101.7,791,804,16,114,0
5.94,climb_cruise,0.0,0.0,35000.0,0,0.00,0.00,0.00,0.00,15.0,125.0,0,1,51.3,101.7,791,804,16,114,0
5.96,climb_cruise,0.0,0.0,35000.0,0,0.00,0.00,0.00,0.00,15.0,125.0,0,1,51.2,101.7,791,804,16,115,0
5.98,climb_cruise,0.0,0.0,35000.0,0,0.00,0.00,0.00,0.00,15.0,125.0,0,1,51.1,101.7,791,804,16,114,0
6.00,climb_cruise,0.0,0.0,35000.0,0,0.00,0.00,0.00,0.00,15.0,125.0,0,1,51.0,101.7,791,804,16,115,0
6.02,climb_cruise,0.0,0.0,35000.0,0,0.00,0.00,0.00,0.00,15.0,125.0,0,1,50.9,101.7,791,804,16,116,0
6.04,climb_cruise,0.0,0.0,35000.0,0,0.00,0.00,0.00,0.00,15.0,125.0,0,1,50.7,101.7,791,804,16,115,0
6.06,climb_cruise,0.0,0.0,35000.0,0,0.00,0.00,0.00,0.00,15.0,125.0,0,1,50.6,101.7,791,804,16,116,0
6.08,climb_cruise,0.0,0.0,35000.0,0,0.00,0.00,0.00,0.00,15.0,125.0,0,1,50.5,101.7,791,804,16,115,0
6.10,climb_cruise,0.0,0.0,35000.0,0,0.00,0.00,0.00,0.00,15.0,125.0,0,1,50.4,101.7,791,804,16,114,0
6.12,climb_cruise,0.0,0.0,35000.0,0,0.00,0.00,0.00,0.00,15.0,125.0,0,1,50.3,101.7,791,804,16,114,0
6.14,climb_cruise,0.0,0.0,35000.0,0,0.00,0.00,0.00,0.00,15.0,125.0,0,1,50.2,101.7,791,804,16,115,0
6.16,climb_cruise,0.0,0.0,35000.0,0,0.00,0.00,0.00,0.00,15.0,125.0,0,1,50.1,101.7,791,804,16,114,0
6.18,climb_cruise,0.0,0.0,35000.0,0,0.00,0.00,0.00,0.00,15.0,125.0,0,1,50.0,101.7,791,804,16,116,0
6.20,climb_cruise,0.0,0.0,35000.0,0,0.00,0.00,0.00,0.00,15.0,125.0,0,1,49.9,101.8,791,804,16,116,0
6.22,climb_cruise,0.0,0.0,35000.0,0,0.00,0.00,0.00,0.00,15.0,125.0,0,1,49.8,101.8,791,804,16,115,0
6.24,climb_cruise,0.0,0.0,35000.0,0,0.00,0.00,0.00,0.00,15.0,125.0,0,1,49.7,101.8,791,804,16,114,0
6.26,climb_cruise,0.0,0.0,35000.0,0,0.00,0.00,0.00,0.00,15.0,125.0,0,1,49.6,101.8,791,804,16,116,0
6.28,climb_cruise,0.0,0.0,35000.0,0,0.00,0.00,0.00,0.00,15.0,125.0,0,1,49.5,101.8,791,804,16,116,0
6.30,climb_cruise,0.0,0.0,35000.0,0,0.00,0.00,0.00,0.00,15.0,125.0,0,1,49.4,101.8,791,804,16,114,0
6.32,climb_cruise,0.0,0.0,35000.0,0,0.00,0.00,0.00,0.00,15.0,125.0,0,1,49.3,101.8,791,804,16,116,0
6.34,climb_cruise,0.0,0.0,35000.0,0,0.00,0.00,0.00,0.00,15.0,125.0,0,1,49.2,101.8,791,804,16,115,0
6.36,climb_cruise,0.0,0.0,35000.0,0,0.00,0.00,0.00,0.00,15.0,125.0,0,1,49.2,101.8,791,804,16,116,0
6.38,climb_cruise,0.0,0.0,35000.0,0,0.00,0.00,0.00,0.00,15.0,125.0,0,1,49.1,101.8,791,804,16,116,0
6.40,climb_cruise,0.0,0.0,35000.0,0,0.00,0.00,0.00,0.00,15.0,125.0,0,1,49.0,101.8,791,804,16,115,0
6.42,climb_cruise,0.0,0.0,35000.0,0,0.00,0.00,0.00,0.00,15.0,125.0,0,1,48.9,101.8,791,804,16,115,0
6.44,climb_cruise,0.0,0.0,35000.0,0,0.00,0.00,0.00,0.00,15.0,125.0,0,1,48.8,101.8,791,804,16,116,0
6.46,climb_cruise,0.0,0.0,35000.0,0,0.00,0.00,0.00,0.00,15.0,125.0,0,1,48.7,101.8,791,804,16,114,0
6.48,climb_cruise,0.0,0.0,35000.0,0,0.00,0.00,0.00,0.00,15.0,125.0,0,1,48.6,101.8,791,804,16,115,0
6.50,climb_cruise,0.0,0.0,35000.0,0,0.00,0.00,0.00,0.00,15.0,125.0,0,1,48.5,101.8,791,804,16,115,0
6.52,climb_cruise,0.0,0.0,35000.0,0,0.00,0.00,0.00,0.00,15.0,125.0,0,1,48.4,101.8,791,804,16,115,0
6.54,climb_cruise,0.0,0.0,35000.0,0,0.00,0.00,0.00,0.00,15.0,125.0,0,1,48.3,101.8,791,804,16,115,0
6.56,climb_cruise,0.0,0.0,35000.0,0,0.00,0.00,0.00,0.00,15.0,125.0,0,1,48.2,101.8,791,804,16,115,0
6.58,climb_cruise,0.0,0.0,35000.0,0,0.00,0.00,0.00,0.00,15.0,125.0,0,1,48.1,101.8,791,804,16,116,0
6.60,climb_cruise,0.0,0.0,35000.0,0,0.00,0.00,0.00,0.00,15.0,125.0,0,1,48.0,101.8,791,804,16,115,0
6.62,climb_cruise,0.0,0.0,35000.0,0,0.00,0.00,0.00,0.00,15.0,125.0,0,1,47.9,101.8,791,804,16,114,0
6.64,climb_cruise,0.0,0.0,35000.0,0,0.00,0.00,0.00,0.00,15.0,125.0,0,1,47.8,101.8,791,804,16,115,0
6.66,climb_cruise,0.0,0.0,35000.0,0,0.00,0.00,0.00,0.00,15.0,125.0,0,1,47.7,101.8,791,804,16,115,0
6.68,climb_cruise,0.0,0.0,35000.0,0,0.00,0.00,0.00,0.00,15.0,125.0,0,1,47.6,101.8,791,804,16,114,0
6.70,climb_cruise,0.0,0.0,35000.0,0,0.00,0.00,0.00,0.00,15.0,125.0,0,1,47.5,101.8,791,804,16,115,0
6.72,climb_cruise,0.0,0.0,35000.0,0,0.00,0.00,0.00,0.00,15.0,125.0,0,1,47.4,101.8,791,804,16,115,0
6.74,climb_cruise,0.0,0.0,35000.0,0,0.00,0.00,0.00,0.00,15.0,125.0,0,1,47.3,101.8,791,804,16,116,0
6.76,climb_cruise,0.0,0.0,35000.0,0,0.00,0.00,0.00,0.00,15.0,125.0,0,1,47.2,101.8,791,804,16,115,0
6.78,climb_cruise,0.0,0.0,35000.0,0,0.00,0.00,0.00,0.00,15.0,125.0,0,1,47.1,101.8,791,804,16,116,0
6.80,climb_cruise,0.0,0.0,35000.0,0,0.00,0.00,0.00,0.00,15.0,125.0,0,1,47.0,101.8,791,804,16,115,0
6.82,climb_cruise,0.0,0.0,35000.0,0,0.00,0.00,0.00,0.00,15.0,125.0,0,1,46.9,101.8,791,804,16,114,0
6.84,climb_cruise,0.0,0.0,35000.0,0,0.00,0.00,0.00,0.00,15.0,125.0,0,1,46.8,101.8,791,804,16,114,0
6.86,climb_cruise,0.0,0.0,35000.0,0,0.00,0.00,0.00,0.00,15.0,125.0,0,1,46.8,101.8,791,804,16,114,0
6.88,climb_cruise,0.0,0.0,35000.0,0,0.00,0.00,0.00,0.00,15.0,125.0,0,1,46.7,101.8,791,804,16,114,0
6.90,climb_cruise,0.0,0.0,35000.0,0,0.00,0.00,0.00,0.00,15.0,125.0,0,1,46.6,101.8,791,804,16,114,0
6.92,climb_cruise,0.0,0.0,35000.0,0,0.00,0.00,0.00,0.00,15.0,125.0,0,1,46.5,101.8,791,804,16,116,0
6.94,climb_cruise,0.0,0.0,35000.0,0,0.00,0.00,0.00,0.00,15.0,125.0,0,1,46.4,101.8,791,804,16,115,0
6.96,climb_cruise,0.0,0.0,35000.0,0,0.00,0.00,0.00,0.00,15.0,125.0,0,1,46.3,101.8,791,804,16,116,0
6.98,climb_cruise,0.0,0.0,35000.0,0,0.00,0.00,0.00,0.00,15.0,125.0,0,1,46.2,101.8,791,804,16,115,0
7.00,climb_cruise,0.0,0.0,35000.0,0,0.00,0.00,0.00,0.00,15.0,125.0,0,1,46.1,101.8,791,804,16,115,0
7.02,climb_cruise,0.0,0.0,35000.0,0,0.00,0.00,0.00,0.00,15.0,125.0,0,1,46.0,101.8,791,804,16,115,0
7.04,climb_cruise,0.0,0.0,35000.0,0,0.00,0.00,0.00,0.00,15.0,125.0,0,1,45.9,101.8,791,804,16,115,0
7.06,climb_cruise,0.0,0.0,35000.0,0,0.00,0.00,0.00,0.00,15.0,125.0,0,1,45.8,101.8,791,804,16,115,0
7.08,climb_cruise,0.0,0.0,35000.0,0,0.00,0.00,0.00,0.00,15.0,125.0,0,1,45.7,101.9,791,804,16,116,0
7.10,climb_cruise,0.0,0.0,35000.0,0,0.00,0.00,0.00,0.00,15.0,125.0,0,1,45.6,101.9,791,804,16,116,0
7.12,climb_cruise,0.0,0.0,35000.0,0,0.00,0.00,0.00,0.00,15.0,125.0,0,1,45.6,101.9,791,804,16,115,0
7.14,climb_cruise,0.0,0.0,35000.0,0,0.00,0.00,0.00,0.00,15.0,125.0,0,1,45.5,101.9,791,804,16,115,0
7.16,climb_cruise,0.0,0.0,35000.0,0,0.00,0.00,0.00,0.00,15.0,125.0,0,1,45.4,101.9,791,804,16,115,0
7.18,climb_cruise,0.0,0.0,35000.0,0,0.00,0.00,0.00,0.00,15.0,125.0,0,1,45.3,101.9,791,804,16,114,0
7.20,climb_cruise,0.0,0.0,35000.0,0,0.00,0.00,0.00,0.00,15.0,125.0,0,1,45.2,101.9,791,804,16,115,0
7.22,climb_cruise,0.0,0.0,35000.0,0,0.00,0.00,0.00,0.00,15.0,125.0,0,1,45.1,101.9,791,804,16,115,0
7.24,climb_cruise,0.0,0.0,35000.0,0,0.00,0.00,0.00,0.00,15.0,125.0,0,1,45.0,101.9,791,804,16,115,0
7.26,climb_cruise,0.0,0.0,35000.0,0,0.00,0.00,0.00,0.00,15.0,125.0,0,1,44.9,101.9,791,804,16,115,0
7.28,climb_cruise,0.0,0.0,35000.0,0,0.00,0.00,0.00,0.00,15.0,125.0,0,1,44.8,101.9,791,804,16,115,0
7.30,climb_cruise,0.0,0.0,35000.0,0,0.00,0.00,0.00,0.00,15.0,125.0,0,1,44.7,101.9,791,804,16,115,0
7.32,climb_cruise,0.0,0.0,35000.0,0,0.00,0.00,0.00,0.00,15.0,125.0,0,1,44.7,101.9,791,804,16,114,0
7.34,climb_cruise,0.0,0.0,35000.0,0,0.00,0.00,0.00,0.00,15.0,125.0,0,1,44.6,101.9,791,804,16,115,0
7.36,climb_cruise,0.0,0.0,35000.0,0,0.00,0.00,0.00,0.00,15.0,125.0,0,1,44.5,101.9,791,804,16,115,0
7.38,climb_cruise,0.0,0.0,35000.0,0,0.00,0.00,0.00,0.00,15.0,125.0,0,1,44.4,101.9,791,804,16,114,0
7.40,climb_cruise,0.0,0.0,35000.0,0,0.00,0.00,0.00,0.00,15.0,125.0,0,1,44.3,101.9,791,804,16,115,0
7.42,climb_cruise,0.0,0.0,35000.0,0,0.00,0.00,0.00,0.00,15.0,125.0,0,1,44.2,101.9,791,804,16,116,0
7.44,climb_cruise,0.0,0.0,35000.0,0,0.00,0.00,0.00,0.00,15.0,125.0,0,1,44.1,101.9,791,804,16,115,0
7.46,climb_cruise,0.0,0.0,35000.0,0,0.00,0.00,0.00,0.00,15.0,125.0,0,1,44.0,101.9,791,804,16,115,0
7.48,climb_cruise,0.0,0.0,35000.0,0,0.00,0.00,0.00,0.00,15.0,125.0,0,1,43.9,101.9,791,804,16,114,0
7.50,climb_cruise,0.0,0.0,35000.0,0,0.00,0.00,0.00,0.00,15.0,125.0,0,1,43.9,101.9,791,804,16,115,0
7.52,climb_cruise,0.0,0.0,35000.0,0,0.00,0.00,0.00,0.00,15.0,125.0,0,1,43.8,101.9,791,804,16,115,0
7.54,climb_cruise,0.0,0.0,35000.0,0,0.00,0.00,0.00,0.00,15.0,125.0,0,1,43.7,101.9,791,804,16,115,0
7.56,climb_cruise,0.0,0.0,35000.0,0,0.00,0.00,0.00,0.00,15.0,125.0,0,1,43.6,101.9,791,804,16,116,0
7.58,climb_cruise,0.0,0.0,35000.0,0,0.00,0.00,0.00,0.00,15.0,125.0,0,1,43.5,101.9,791,804,16,115,0
7.60,climb_cruise,0.0,0.0,35000.0,0,0.00,0.00,0.00,0.00,15.0,125.0,0,1,43.4,101.9,791,804,16,115,0
7.62,climb_cruise,0.0,0.0,35000.0,0,0.00,0.00,0.00,0.00,15.0,125.0,0,1,43.3,101.9,791,804,16,115,0
7.64,climb_cruise,0.0,0.0,35000.0,0,0.00,0.00,0.00,0.00,15.0,125.0,0,1,43.2,101.9,791,804,16,115,0
7.66,climb_cruise,0.0,0.0,35000.0,0,0.00,0.00,0.00,0.00,15.0,125.0,0,1,43.2,101.9,791,804,16,114,0
7.68,climb_cruise,0.0,0.0,35000.0,0,0.00,0.00,0.00,0.00,15.0,125.0,0,1,43.1,101.9,791,804,16,114,0
7.70,climb_cruise,0.0,0.0,35000.0,0,0.00,0.00,0.00,0.00,15.0,125.0,0,1,43.0,101.9,791,804,16,115,0
7.72,climb_cruise,0.0,0.0,35000.0,0,0.00,0.00,0.00,0.00,15.0,125.0,0,1,42.9,101.9,791,804,16,114,0
7.74,climb_cruise,0.0,0.0,35000.0,0,0.00,0.00,0.00,0.00,15.0,125.0,0,1,42.8,101.9,791,804,16,114,0
7.76,climb_cruise,0.0,0.0,35000.0,0,0.00,0.00,0.00,0.00,15.0,125.0,0,1,42.7,101.9,791,804,16,116,0
7.78,climb_cruise,0.0,0.0,35000.0,0,0.00,0.00,0.00,0.00,15.0,125.0,0,1,42.6,101.9,791,804,16,115,0
7.80,climb_cruise,0.0,0.0,35000.0,0,0.00,0.00,0.00,0.00,15.0,125.0,0,1,42.6,101.9,791,804,16,114,0
7.82,climb_cruise,0.0,0.0,35000.0,0,0.00,0.00,0.00,0.00,15.0,125.0,0,1,42.5,101.9,791,804,16,115,0
7.84,climb_cruise,0.0,0.0,35000.0,0,0.00,0.00,0.00,0.00,15.0,125.0,0,1,42.4,101.9,791,804,16,116,0
7.86,climb_cruise,0.0,0.0,35000.0,0,0.00,0.00,0.00,0.00,15.0,125.0,0,1,42.3,101.9,791,804,16,115,0
7.88,climb_cruise,0.0,0.0,35000.0,0,0.00,0.00,0.00,0.00,15.0,125.0,0,1,42.2,101.9,791,804,16,116,0
7.90,climb_cruise,0.0,0.0,35000.0,0,0.00,0.00,0.00,0.00,15.0,125.0,0,1,42.1,101.9,791,804,16,115,0
7.92,climb_cruise,0.0,0.0,35000.0,0,0.00,0.00,0.00,0.00,15.0,125.0,0,1,42.0,101.9,791,804,16,115,0
7.94,climb_cruise,0.0,0.0,35000.0,0,0.00,0.00,0.00,0.00,15.0,125.0,0,1,42.0,101.9,791,804,16,115,0
7.96,climb_cruise,0.0,0.0,35000.0,0,0.00,0.00,0.00,0.00,15.0,125.0,0,1,41.9,101.9,791,804,16,115,0
7.98,climb_cruise,0.0,0.0,35000.0,0,0.00,0.00,0.00,0.00,15.0,125.0,0,1,41.8,101.9,791,804,16,114,0
8.00,climb_cruise,0.0,0.0,35000.0,0,0.00,0.00,0.00,0.00,15.0,125.0,0,1,41.7,101.9,791,804,16,114,0
8.02,climb_cruise,0.0,0.0,35000.0,0,0.00,0.00,0.00,0.00,15.0,125.0,0,1,41.6,101.9,791,804,16,115,0
8.04,climb_cruise,0.0,0.0,35000.0,0,0.00,0.00,0.00,0.00,15.0,125.0,0,1,41.5,101.9,791,804,16,115,0
8.06,climb_cruise,0.0,0.0,35000.0,0,0.00,0.00,0.00,0.00,15.0,125.0,0,1,41.5,101.9,791,804,16,116,0
8.08,climb_cruise,0.0,0.0,35000.0,0,0.00,0.00,0.00,0.00,15.0,125.0,0,1,41.4,101.9,791,804,16,116,0
8.10,climb_cruise,0.0,0.0,35000.0,0,0.00,0.00,0.00,0.00,15.0,125.0,0,1,41.3,101.9,791,804,16,114,0
8.12,climb_cruise,0.0,0.0,35000.0,0,0.00,0.00,0.00,0.00,15.0,125.0,0,1,41.2,101.9,791,804,16,116,0
8.14,climb_cruise,0.0,0.0,35000.0,0,0.00,0.00,0.00,0.00,15.0,125.0,0,1,41.1,101.9,791,804,16,116,0
8.16,climb_cruise,0.0,0.0,35000.0,0,0.00,0.00,0.00,0.00,15.0,125.0,0,1,41.1,101.9,791,804,16,116,0
8.18,climb_cruise,0.0,0.0,35000.0,0,0.00,0.00,0.00,0.00,15.0,125.0,0,1,41.0,101.9,791,804,16,115,0
8.20,climb_cruise,0.0,0.0,35000.0,0,0.00,0.00,0.00,0.00,15.0,125.0,0,1,40.9,101.9,791,804,16,115,0
8.22,climb_cruise,0.0,0.0,35000.0,0,0.00,0.00,0.00,0.00,15.0,125.0,0,1,40.8,101.9,791,804,16,115,0
8.24,climb_cruise,0.0,0.0,35000.0,0,0.00,0.00,0.00,0.00,15.0,125.0,0,1,40.7,101.9,791,804,16,115,0
8.26,climb_cruise,0.0,0.0,35000.0,0,0.00,0.00,0.00,0.00,15.0,125.0,0,1,40.6,101.9,791,804,16,115,0
8.28,climb_cruise,0.0,0.0,35000.0,0,0.00,0.00,0.00,0.00,15.0,125.0,0,1,40.6,101.9,791,804,16,116,0
8.30,climb_cruise,0.0,0.0,35000.0,0,0.00,0.00,0.00,0.00,15.0,125.0,0,1,40.5,101.9,791,804,16,115,0
8.32,climb_cruise,0.0,0.0,35000.0,0,0.00,0.00,0.00,0.00,15.0,125.0,0,1,40.4,101.9,791,804,16,115,0
8.34,climb_cruise,0.0,0.0,35000.0,0,0.00,0.00,0.00,0.00,15.0,125.0,0,1,40.3,101.9,791,804,16,115,0
8.36,climb_cruise,0.0,0.0,35000.0,0,0.00,0.00,0.00,0.00,15.0,125.0,0,1,40.2,101.9,791,804,16,114,0
8.38,climb_cruise,0.0,0.0,35000.0,0,0.00,0.00,0.00,0.00,15.0,125.0,0,1,40.2,101.9,791,804,16,115,0
8.40,climb_cruise,0.0,0.0,35000.0,0,0.00,0.00,0.00,0.00,15.0,125.0,0,1,40.1,101.9,791,804,16,114,0
8.42,climb_cruise,0.0,0.0,35000.0,0,0.00,0.00,0.00,0.00,15.0,125.0,0,1,40.0,101.9,791,804,16,116,0
8.44,climb_cruise,0.0,0.0,35000.0,0,0.00,0.00,0.00,0.00,15.0,125.0,0,1,39.9,101.9,791,804,16,115,0
8.46,climb_cruise,0.0,0.0,35000.0,0,0.00,0.00,0.00,0.00,15.0,125.0,0,1,39.8,101.9,791,804,16,115,0
8.48,climb_cruise,0.0,0.0,35000.0,0,0.00,0.00,0.00,0.00,15.0,125.0,0,1,39.8,101.9,791,804,16,115,0
8.50,climb_cruise,0.0,0.0,35000.0,0,0.00,0.00,0.00,0.00,15.0,125.0,0,1,39.7,101.9,791,804,16,116,0
8.52,climb_cruise,0.0,0.0,35000.0,0,0.00,0.00,0.00,0.00,15.0,125.0,0,1,39.6,101.9,791,804,16,115,0
8.54,climb_cruise,0.0,0.0,35000.0,0,0.00,0.00,0.00,0.00,15.0,125.0,0,1,39.5,101.9,791,804,16,114,0
8.56,climb_cruise,0.0,0.0,35000.0,0,0.00,0.00,0.00,0.00,15.0,125.0,0,1,39.4,101.9,791,804,16,116,0
8.58,climb_cruise,0.0,0.0,35000.0,0,0.00,0.00,0.00,0.00,15.0,125.0,0,1,39.4,101.9,791,804,16,115,0
8.60,climb_cruise,0.0,0.0,35000.0,0,0.00,0.00,0.00,0.00,15.0,125.0,0,1,39.3,101.9,791,804,16,116,0
8.62,climb_cruise,0.0,0.0,35000.0,0,0.00,0.00,0.00,0.00,15.0,125.0,0,1,39.2,101.9,791,804,16,114,0
8.64,climb_cruise,0.0,0.0,35000.0,0,0.00,0.00,0.00,0.00,15.0,125.0,0,1,39.1,101.9,791,804,16,115,0
8.66,climb_cruise,0.0,0.0,35000.0,0,0.00,0.00,0.00,0.00,15.0,125.0,0,1,39.0,101.9,791,804,16,115,0
8.68,climb_cruise,0.0,0.0,35000.0,0,0.00,0.00,0.00,0.00,15.0,125.0,0,1,39.0,101.9,791,804,16,115,0
8.70,climb_cruise,0.0,0.0,35000.0,0,0.00,0.00,0.00,0.00,15.0,125.0,0,1,38.9,101.9,791,804,16,116,0
8.72,climb_cruise,0.0,0.0,35000.0,0,0.00,0.00,0.00,0.00,15.0,125.0,0,1,38.8,101.9,791,804,16,115,0
8.74,climb_cruise,0.0,0.0,35000.0,0,0.00,0.00,0.00,0.00,15.0,125.0,0,1,38.7,101.9,791,804,16,116,0
8.76,climb_cruise,0.0,0.0,35000.0,0,0.00,0.00,0.00,0.00,15.0,125.0,0,1,38.7,101.9,791,804,16,115,0
8.78,climb_cruise,0.0,0.0,35000.0,0,0.00,0.00,0.00,0.00,15.0,125.0,0,1,38.6,101.9,791,804,16,115,0
8.80,climb_cruise,0.0,0.0,35000.0,0,0.00,0.00,0.00,0.00,15.0,125.0,0,1,38.5,101.9,791,804,16,116,0
8.82,climb_cruise,0.0,0.0,35000.0,0,0.00,0.00,0.00,0.00,15.0,125.0,0,1,38.4,101.9,791,804,16,114,0
8.84,climb_cruise,0.0,0.0,35000.0,0,0.00,0.00,0.00,0.00,15.0,125.0,0,1,38.4,101.9,791,804,16,115,0
8.86,climb_cruise,0.0,0.0,35000.0,0,0.00,0.00,0.00,0.00,15.0,125.0,0,1,38.3,101.9,791,804,16,115,0
8.88,climb_cruise,0.0,0.0,35000.0,0,0.00,0.00,0.00,0.00,15.0,125.0,0,1,38.2,101.9,791,804,16,115,0
8.90,climb_cruise,0.0,0.0,35000.0,0,0.00,0.00,0.00,0.00,15.0,125.0,0,1,38.1,101.9,791,804,16,115,0
8.92,climb_cruise,0.0,0.0,35000.0,0,0.00,0.00,0.00,0.00,15.0,125.0,0,1,38.0,101.9,791,804,16,116,0
8.94,climb_cruise,0.0,0.0,35000.0,0,0.00,0.00,0.00,0.00,15.0,125.0,0,1,38.0,101.9,791,804,16,115,0
8.96,climb_cruise,0.0,0.0,35000.0,0,0.00,0.00,0.00,0.00,15.0,125.0,0,1,37.9,102.0,791,804,16,114,0
8.98,climb_cruise,0.0,0.0,35000.0,0,0.00,0.00,0.00,0.00,15.0,125.0,0,1,37.8,102.0,791,804,16,115,0
9.00,climb_cruise,0.0,0.0,35000.0,0,0.00,0.00,0.00,0.00,15.0,125.0,0,1,37.7,102.0,791,804,16,115,0
9.02,climb_cruise,0.0,0.0,35000.0,0,0.00,0.00,0.00,0.00,15.0,125.0,0,1,37.7,102.0,791,804,16,114,0
9.04,climb_cruise,0.0,0.0,35000.0,0,0.00,0.00,0.00,0.00,15.0,125.0,0,1,37.6,102.0,791,804,16,115,0
9.06,climb_cruise,0.0,0.0,35000.0,0,0.00,0.00,0.00,0.00,15.0,125.0,0,1,37.5,102.0,791,804,16,115,0
9.08,climb_cruise,0.0,0.0,35000.0,0,0.00,0.00,0.00,0.00,15.0,125.0,0,1,37.4,102.0,791,804,16,115,0
9.10,climb_cruise,0.0,0.0,35000.0,0,0.00,0.00,0.00,0.00,15.0,125.0,0,1,37.4,102.0,791,804,16,114,0
9.12,climb_cruise,0.0,0.0,35000.0,0,0.00,0.00,0.00,0.00,15.0,125.0,0,1,37.3,102.0,791,804,16,115,0
9.14,climb_cruise,0.0,0.0,35000.0,0,0.00,0.00,0.00,0.00,15.0,125.0,0,1,37.2,102.0,791,804,16,114,0
9.16,climb_cruise,0.0,0.0,35000.0,0,0.00,0.00,0.00,0.00,15.0,125.0,0,1,37.1,102.0,791,804,16,114,0
9.18,climb_cruise,0.0,0.0,35000.0,0,0.00,0.00,0.00,0.00,15.0,125.0,0,1,37.1,102.0,791,804,16,115,0
9.20,climb_cruise,0.0,0.0,35000.0,0,0.00,0.00,0.00,0.00,15.0,125.0,0,1,37.0,102.0,791,804,16,116,0
9.22,climb_cruise,0.0,0.0,35000.0,0,0.00,0.00,0.00,0.00,15.0,125.0,0,1,36.9,102.0,791,804,16,115,0
9.24,climb_cruise,0.0,0.0,35000.0,0,0.00,0.00,0.00,0.00,15.0,125.0,0,1,36.8,102.0,791,804,16,114,0
9.26,climb_cruise,0.0,0.0,35000.0,0,0.00,0.00,0.00,0.00,15.0,125.0,0,1,36.8,102.0,791,804,16,115,0
9.28,climb_cruise,0.0,0.0,35000.0,0,0.00,0.00,0.00,0.00,15.0,125.0,0,1,36.7,102.0,791,804,16,115,0
9.30,climb_cruise,0.0,0.0,35000.0,0,0.00,0.00,0.00,0.00,15.0,125.0,0,1,36.6,102.0,791,804,16,114,0
9.32,climb_cruise,0.0,0.0,35000.0,0,0.00,0.00,0.00,0.00,15.0,125.0,0,1,36.6,102.0,791,804,16,115,0
9.34,climb_cruise,0.0,0.0,35000.0,0,0.00,0.00,0.00,0.00,15.0,125.0,0,1,36.5,102.0,791,804,16,115,0
9.36,climb_cruise,0.0,0.0,35000.0,0,0.00,0.00,0.00,0.00,15.0,125.0,0,1,36.4,102.0,791,804,16,115,0
9.38,climb_cruise,0.0,0.0,35000.0,0,0.00,0.00,0.00,0.00,15.0,125.0,0,1,36.3,102.0,791,804,16,114,0
9.40,climb_cruise,0.0,0.0,35000.0,0,0.00,0.00,0.00,0.00,15.0,125.0,0,1,36.3,102.0,791,804,16,115,0
9.42,climb_cruise,0.0,0.0,35000.0,0,0.00,0.00,0.00,0.00,15.0,125.0,0,1,36.2,102.0,791,804,16,116,0
9.44,climb_cruise,0.0,0.0,35000.0,0,0.00,0.00,0.00,0.00,15.0,125.0,0,1,36.1,102.0,791,804,16,114,0
9.46,climb_cruise,0.0,0.0,35000.0,0,0.00,0.00,0.00,0.00,15.0,125.0,0,1,36.0,102.0,791,804,16,114,0
9.48,climb_cruise,0.0,0.0,35000.0,0,0.00,0.00,0.00,0.00,15.0,125.0,0,1,36.0,102.0,791,804,16,114,0
9.50,climb_cruise,0.0,0.0,35000.0,0,0.00,0.00,0.00,0.00,15.0,125.0,0,1,35.9,102.0,791,804,16,115,0
9.52,climb_cruise,0.0,0.0,35000.0,0,0.00,0.00,0.00,0.00,15.0,125.0,0,1,35.8,102.0,791,804,16,114,0
9.54,climb_cruise,0.0,0.0,35000.0,0,0.00,0.00,0.00,0.00,15.0,125.0,0,1,35.8,102.0,791,804,16,116,0
9.56,climb_cruise,0.0,0.0,35000.0,0,0.00,0.00,0.00,0.00,15.0,125.0,0,1,35.7,102.0,791,804,16,116,0
9.58,climb_cruise,0.0,0.0,35000.0,0,0.00,0.00,0.00,0.00,15.0,125.0,0,1,35.6,102.0,791,804,16,115,0
9.60,climb_cruise,0.0,0.0,35000.0,0,0.00,0.00,0.00,0.00,15.0,125.0,0,1,35.5,102.0,791,804,16,115,0
9.62,climb_cruise,0.0,0.0,35000.0,0,0.00,0.00,0.00,0.00,15.0,125.0,0,1,35.5,102.0,791,804,16,115,0
9.64,climb_cruise,0.0,0.0,35000.0,0,0.00,0.00,0.00,0.00,15.0,125.0,0,1,35.4,102.0,791,804,16,115,0
9.66,climb_cruise,0.0,0.0,35000.0,0,0.00,0.00,0.00,0.00,15.0,125.0,0,1,35.3,102.0,791,804,16,115,0
9.68,climb_cruise,0.0,0.0,35000.0,0,0.00,0.00,0.00,0.00,15.0,125.0,0,1,35.3,102.0,791,804,16,116,0
9.70,climb_cruise,0.0,0.0,35000.0,0,0.00,0.00,0.00,0.00,15.0,125.0,0,1,35.2,102.0,791,804,16,114,0
9.72,climb_cruise,0.0,0.0,35000.0,0,0.00,0.00,0.00,0.00,15.0,125.0,0,1,35.1,102.0,791,804,16,116,0
9.74,climb_cruise,0.0,0.0,35000.0,0,0.00,0.00,0.00,0.00,15.0,125.0,0,1,35.1,102.0,791,804,16,116,0
9.76,climb_cruise,0.0,0.0,35000.0,0,0.00,0.00,0.00,0.00,15.0,125.0,0,1,35.0,102.0,791,804,16,114,0
9.78,climb_cruise,0.0,0.0,35000.0,0,0.00,0.00,0.00,0.00,15.0,125.0,0,1,34.9,102.0,791,804,16,114,0
9.80,climb_cruise,0.0,0.0,35000.0,0,0.00,0.00,0.00,0.00,15.0,125.0,0,1,34.8,102.0,791,804,16,115,0
9.82,climb_cruise,0.0,0.0,35000.0,0,0.00,0.00,0.00,0.00,15.0,125.0,0,1,34.8,102.0,791,804,16,115,0
9.84,climb_cruise,0.0,0.0,35000.0,0,0.00,0.00,0.00,0.00,15.0,125.0,0,1,34.7,102.0,791,804,16,114,0
9.86,climb_cruise,0.0,0.0,35000.0,0,0.00,0.00,0.00,0.00,15.0,125.0,0,1,34.6,102.0,791,804,16,116,0
9.88,climb_cruise,0.0,0.0,35000.0,0,0.00,0.00,0.00,0.00,15.0,125.0,0,1,34.6,102.0,791,804,16,115,0
9.90,climb_cruise,0.0,0.0,35000.0,0,0.00,0.00,0.00,0.00,15.0,125.0,0,1,34.5,102.0,791,804,16,116,0
9.92,climb_cruise,0.0,0.0,35000.0,0,0.00,0.00,0.00,0.00,15.0,125.0,0,1,34.4,102.0,791,804,16,114,0
9.94,climb_cruise,0.0,0.0,35000.0,0,0.00,0.00,0.00,0.00,15.0,125.0,0,1,34.4,102.0,791,804,16,115,0
9.96,climb_cruise,0.0,0.0,35000.0,0,0.00,0.00,0.00,0.00,15.0,125.0,0,1,34.3,102.0,791,804,16,114,0
9.98,climb_cruise,0.0,0.0,35000.0,0,0.00,0.00,0.00,0.00,15.0,125.0,0,1,34.2,102.0,791,804,16,116,0
10.00,climb_cruise,0.0,0.0,35000.0,0,0.00,0.00,0.00,0.00,15.0,125.0,0,1,34.2,102.0,791,804,16,116,0
10.02,climb_cruise,0.0,0.0,35000.0,0,0.00,0.00,0.00,0.00,15.0,125.0,0,1,34.1,102.0,791,804,16,114,0
10.04,climb_cruise,0.0,0.0,35000.0,0,0.00,0.00,0.00,0.00,15.0,125.0,0,1,34.0,102.0,791,804,16,115,0
10.06,climb_cruise,0.0,0.0,35000.0,0,0.00,0.00,0.00,0.00,15.0,125.0,0,1,33.9,102.0,791,804,16,116,0
10.08,climb_cruise,0.0,0.0,35000.0,0,0.00,0.00,0.00,0.00,15.0,125.0,0,1,33.9,102.0,791,804,16,115,0
10.10,climb_cruise,0.0,0.0,35000.0,0,0.00,0.00,0.00,0.00,15.0,125.0,0,1,33.8,102.0,791,804,16,115,0
10.12,climb_cruise,0.0,0.0,35000.0,0,0.00,0.00,0.00,0.00,15.0,125.0,0,1,33.7,102.0,791,804,16,115,0
10.14,climb_cruise,0.0,0.0,35000.0,0,0.00,0.00,0.00,0.00,15.0,125.0,0,1,33.7,102.0,791,804,16,114,0
10.16,climb_cruise,0.0,0.0,35000.0,0,0.00,0.00,0.00,0.00,15.0,125.0,0,1,33.6,102.0,791,804,16,115,0
10.18,climb_cruise,0.0,0.0,35000.0,0,0.00,0.00,0.00,0.00,15.0,125.0,0,1,33.5,102.0,791,804,16,115,0
10.20,climb_cruise,0.0,0.0,35000.0,0,0.00,0.00,0.00,0.00,15.0,125.0,0,1,33.5,102.0,791,804,16,115,0
10.22,climb_cruise,0.0,0.0,35000.0,0,0.00,0.00,0.00,0.00,15.0,125.0,0,1,33.4,102.0,791,804,16,114,0
10.24,climb_cruise,0.0,0.0,35000.0,0,0.00,0.00,0.00,0.00,15.0,125.0,0,1,33.3,102.0,791,804,16,114,0
10.26,climb_cruise,0.0,0.0,35000.0,0,0.00,0.00,0.00,0.00,15.0,125.0,0,1,33.3,102.0,791,804,16,114,0
10.28,climb_cruise,0.0,0.0,35000.0,0,0.00,0.00,0.00,0.00,15.0,125.0,0,1,33.2,102.0,791,804,16,114,0
10.30,climb_cruise,0.0,0.0,35000.0,0,0.00,0.00,0.00,0.00,15.0,125.0,0,1,33.1,102.0,791,804,16,116,0
10.32,climb_cruise,0.0,0.0,35000.0,0,0.00,0.00,0.00,0.00,15.0,125.0,0,1,33.1,102.0,791,804,16,115,0
10.34,climb_cruise,0.0,0.0,35000.0,0,0.00,0.00,0.00,0.00,15.0,125.0,0,1,33.0,102.0,791,804,16,116,0
10.36,climb_cruise,0.0,0.0,35000.0,0,0.00,0.00,0.00,0.00,15.0,125.0,0,1,32.9,102.0,791,804,16,114,0
10.38,climb_cruise,0.0,0.0,35000.0,0,0.00,0.00,0.00,0.00,15.0,125.0,0,1,32.9,102.0,791,804,16,115,0
10.40,climb_cruise,0.0,0.0,35000.0,0,0.00,0.00,0.00,0.00,15.0,125.0,0,1,32.8,102.0,791,804,16,115,0
10.42,climb_cruise,0.0,0.0,35000.0,0,0.00,0.00,0.00,0.00,15.0,125.0,0,1,32.7,102.0,791,804,16,116,0
10.44,climb_cruise,0.0,0.0,35000.0,0,0.00,0.00,0.00,0.00,15.0,125.0,0,1,32.7,102.0,791,804,16,115,0
10.46,climb_cruise,0.0,0.0,35000.0,0,0.00,0.00,0.00,0.00,15.0,125.0,0,1,32.6,102.0,791,804,16,115,0
10.48,climb_cruise,0.0,0.0,35000.0,0,0.00,0.00,0.00,0.00,15.0,125.0,0,1,32.6,102.0,791,804,16,116,0
10.50,climb_cruise,0.0,0.0,35000.0,0,0.00,0.00,0.00,0.00,15.0,125.0,0,1,32.5,102.0,791,804,16,115,0
10.52,climb_cruise,0.0,0.0,35000.0,0,0.00,0.00,0.00,0.00,15.0,125.0,0,1,32.4,102.0,791,804,16,116,0
10.54,climb_cruise,0.0,0.0,35000.0,0,0.00,0.00,0.00,0.00,15.0,125.0,0,1,32.4,102.0,791,804,16,115,0
10.56,climb_cruise,0.0,0.0,35000.0,0,0.00,0.00,0.00,0.00,15.0,125.0,0,1,32.3,102.0,791,804,16,116,0
10.58,climb_cruise,0.0,0.0,35000.0,0,0.00,0.00,0.00,0.00,15.0,125.0,0,1,32.2,102.0,791,804,16,116,0
10.60,climb_cruise,0.0,0.0,35000.0,0,0.00,0.00,0.00,0.00,15.0,125.0,0,1,32.2,102.0,791,804,16,114,0
10.62,climb_cruise,0.0,0.0,35000.0,0,0.00,0.00,0.00,0.00,15.0,125.0,0,1,32.1,102.0,791,804,16,114,0
10.64,climb_cruise,0.0,0.0,35000.0,0,0.00,0.00,0.00,0.00,15.0,125.0,0,1,32.0,102.0,791,804,16,116,0
10.66,climb_cruise,0.0,0.0,35000.0,0,0.00,0.00,0.00,0.00,15.0,125.0,0,1,32.0,102.0,791,804,16,115,0
10.68,climb_cruise,0.0,0.0,35000.0,0,0.00,0.00,0.00,0.00,15.0,125.0,0,1,31.9,102.0,791,804,16,115,0
10.70,climb_cruise,0.0,0.0,35000.0,0,0.00,0.00,0.00,0.00,15.0,125.0,0,1,31.8,102.0,791,804,16,115,0
10.72,climb_cruise,0.0,0.0,35000.0,0,0.00,0.00,0.00,0.00,15.0,125.0,0,1,31.8,102.0,791,804,16,116,0
10.74,climb_cruise,0.0,0.0,35000.0,0,0.00,0.00,0.00,0.00,15.0,125.0,0,1,31.7,102.0,791,804,16,114,0
10.76,climb_cruise,0.0,0.0,35000.0,0,0.00,0.00,0.00,0.00,15.0,125.0,0,1,31.7,102.0,791,804,16,114,0
10.78,climb_cruise,0.0,0.0,35000.0,0,0.00,0.00,0.00,0.00,15.0,125.0,0,1,31.6,102.0,791,804,16,115,0
10.80,climb_cruise,0.0,0.0,35000.0,0,0.00,0.00,0.00,0.00,15.0,125.0,0,1,31.5,102.0,791,804,16,114,0
10.82,climb_cruise,0.0,0.0,35000.0,0,0.00,0.00,0.00,0.00,15.0,125.0,0,1,31.5,102.0,791,804,16,116,0
10.84,climb_cruise,0.0,0.0,35000.0,0,0.00,0.00,0.00,0.00,15.0,125.0,0,1,31.4,102.0,791,804,16,114,0
10.86,climb_cruise,0.0,0.0,35000.0,0,0.00,0.00,0.00,0.00,15.0,125.0,0,1,31.3,102.0,791,804,16,115,0
10.88,climb_cruise,0.0,0.0,35000.0,0,0.00,0.00,0.00,0.00,15.0,125.0,0,1,31.3,102.0,791,804,16,116,0
10.90,climb_cruise,0.0,0.0,35000.0,0,0.00,0.00,0.00,0.00,15.0,125.0,0,1,31.2,102.0,791,804,16,116,0
10.92,climb_cruise,0.0,0.0,35000.0,0,0.00,0.00,0.00,0.00,15.0,125.0,0,1,31.1,102.0,791,804,16,115,0
10.94,climb_cruise,0.0,0.0,35000.0,0,0.00,0.00,0.00,0.00,15.0,125.0,0,1,31.1,102.0,791,804,16,116,0
10.96,climb_cruise,0.0,0.0,35000.0,0,0.00,0.00,0.00,0.00,15.0,125.0,0,1,31.0,102.0,791,804,16,114,0
10.98,climb_cruise,0.0,0.0,35000.0,0,0.00,0.00,0.00,0.00,15.0,125.0,0,1,31.0,102.0,791,804,16,115,0
11.00,climb_cruise,0.0,0.0,35000.0,0,0.00,0.00,0.00,0.00,15.0,125.0,0,1,30.9,102.0,791,804,16,115,0
11.02,climb_cruise,0.0,0.0,35000.0,0,0.00,0.00,0.00,0.00,15.0,125.0,0,1,30.8,102.0,791,804,16,116,0
11.04,climb_cruise,0.0,0.0,35000.0,0,0.00,0.00,0.00,0.00,15.0,125.0,0,1,30.8,102.0,791,804,16,115,0
11.06,climb_cruise,0.0,0.0,35000.0,0,0.00,0.00,0.00,0.00,15.0,125.0,0,1,30.7,102.0,791,804,16,116,0
11.08,climb_cruise,0.0,0.0,35000.0,0,0.00,0.00,0.00,0.00,15.0,125.0,0,1,30.7,102.0,791,804,16,115,0
11.10,climb_cruise,0.0,0.0,35000.0,0,0.00,0.00,0.00,0.00,15.0,125.0,0,1,30.6,102.0,791,804,16,116,0
11.12,climb_cruise,0.0,0.0,35000.0,0,0.00,0.00,0.00,0.00,15.0,125.0,0,1,30.5,102.0,791,804,16,114,0
11.14,climb_cruise,0.0,0.0,35000.0,0,0.00,0.00,0.00,0.00,15.0,125.0,0,1,30.5,102.0,791,804,16,116,0
11.16,climb_cruise,0.0,0.0,35000.0,0,0.00,0.00,0.00,0.00,15.0,125.0,0,1,30.4,102.0,791,804,16,115,0
11.18,climb_cruise,0.0,0.0,35000.0,0,0.00,0.00,0.00,0.00,15.0,125.0,0,1,30.3,102.0,791,804,16,116,0
11.20,climb_cruise,0.0,0.0,35000.0,0,0.00,0.00,0.00,0.00,15.0,125.0,0,1,30.3,102.0,791,804,16,115,0
11.22,climb_cruise,0.0,0.0,35000.0,0,0.00,0.00,0.00,0.00,15.0,125.0,0,1,30.2,102.0,791,804,16,115,0
11.24,climb_cruise,0.0,0.0,35000.0,0,0.00,0.00,0.00,0.00,15.0,125.0,0,1,30.2,102.0,791,804,16,115,0
11.26,climb_cruise,0.0,0.0,35000.0,0,0.00,0.00,0.00,0.00,15.0,125.0,0,1,30.1,102.0,791,804,16,116,0
11.28,climb_cruise,0.0,0.0,35000.0,0,0.00,0.00,0.00,0.00,15.0,125.0,0,1,30.0,102.0,791,804,16,114,0
11.30,climb_cruise,0.0,0.0,35000.0,0,0.00,0.00,0.00,0.00,15.0,125.0,0,1,30.0,102.0,791,804,16,115,0
11.32,climb_cruise,0.0,0.0,35000.0,0,0.00,0.00,0.00,0.00,15.0,125.0,0,1,29.9,102.0,791,804,16,114,0
11.34,climb_cruise,0.0,0.0,35000.0,0,0.00,0.00,0.00,0.00,15.0,125.0,0,1,29.9,102.0,791,804,16,115,0
11.36,climb_cruise,0.0,0.0,35000.0,0,0.00,0.00,0.00,0.00,15.0,125.0,0,1,29.8,102.0,791,804,16,115,0
11.38,climb_cruise,0.0,0.0,35000.0,0,0.00,0.00,0.00,0.00,15.0,125.0,0,1,29.7,102.0,791,804,16,115,0
11.40,climb_cruise,0.0,0.0,35000.0,0,0.00,0.00,0.00,0.00,15.0,125.0,0,1,29.7,102.0,791,804,16,116,0
11.42,climb_cruise,0.0,0.0,35000.0,0,0.00,0.00,0.00,0.00,15.0,125.0,0,1,29.6,102.0,791,804,16,116,0
11.44,climb_cruise,0.0,0.0,35000.0,0,0.00,0.00,0.00,0.00,15.0,125.0,0,1,29.6,102.0,791,804,16,114,0
11.46,climb_cruise,0.0,0.0,35000.0,0,0.00,0.00,0.00,0.00,15.0,125.0,0,1,29.5,102.0,791,804,16,115,0
11.48,climb_cruise,0.0,0.0,35000.0,0,0.00,0.00,0.00,0.00,15.0,125.0,0,1,29.5,102.0,791,804,16,114,0
11.50,climb_cruise,0.0,0.0,35000.0,0,0.00,0.00,0.00,0.00,15.0,125.0,0,1,29.4,102.0,791,804,16,115,0
11.52,climb_cruise,0.0,0.0,35000.0,0,0.00,0.00,0.00,0.00,15.0,125.0,0,1,29.3,102.0,791,804,16,116,0
11.54,climb_cruise,0.0,0.0,35000.0,0,0.00,0.00,0.00,0.00,15.0,125.0,0,1,29.3,102.0,791,804,16,116,0
11.56,climb_cruise,0.0,0.0,35000.0,0,0.00,0.00,0.00,0.00,15.0,125.0,0,1,29.2,102.0,791,804,16,115,0
11.58,climb_cruise,0.0,0.0,35000.0,0,0.00,0.00,0.00,0.00,15.0,125.0,0,1,29.2,102.0,791,804,16,115,0
11.60,climb_cruise,0.0,0.0,35000.0,0,0.00,0.00,0.00,0.00,15.0,125.0,0,1,29.1,102.0,791,804,16,116,0
11.62,climb_cruise,0.0,0.0,35000.0,0,0.00,0.00,0.00,0.00,15.0,125.0,0,1,29.0,102.0,791,804,16,115,0
11.64,climb_cruise,0.0,0.0,35000.0,0,0.00,0.00,0.00,0.00,15.0,125.0,0,1,29.0,102.0,791,804,16,116,0
11.66,climb_cruise,0.0,0.0,35000.0,0,0.00,0.00,0.00,0.00,15.0,125.0,0,1,28.9,102.0,791,804,16,114,0
11.68,climb_cruise,0.0,0.0,35000.0,0,0.00,0.00,0.00,0.00,15.0,125.0,0,1,28.9,102.0,791,804,16,114,0
11.70,climb_cruise,0.0,0.0,35000.0,0,0.00,0.00,0.00,0.00,15.0,125.0,0,1,28.8,102.0,791,804,16,115,0
11.72,climb_cruise,0.0,0.0,35000.0,0,0.00,0.00,0.00,0.00,15.0,125.0,0,1,28.8,102.0,791,804,16,114,0
11.74,climb_cruise,0.0,0.0,35000.0,0,0.00,0.00,0.00,0.00,15.0,125.0,0,1,28.7,102.0,791,804,16,114,0
11.76,climb_cruise,0.0,0.0,35000.0,0,0.00,0.00,0.00,0.00,15.0,125.0,0,1,28.6,102.0,791,804,16,116,0
11.78,climb_cruise,0.0,0.0,35000.0,0,0.00,0.00,0.00,0.00,15.0,125.0,0,1,28.6,102.0,791,804,16,115,0
11.80,climb_cruise,0.0,0.0,35000.0,0,0.00,0.00,0.00,0.00,15.0,125.0,0,1,28.5,102.0,791,804,16,115,0
11.82,climb_cruise,0.0,0.0,35000.0,0,0.00,0.00,0.00,0.00,15.0,125.0,0,1,28.5,102.0,791,804,16,115,0
11.84,climb_cruise,0.0,0.0,35000.0,0,0.00,0.00,0.00,0.00,15.0,125.0,0,1,28.4,102.0,791,804,16,115,0
11.86,climb_cruise,0.0,0.0,35000.0,0,0.00,0.00,0.00,0.00,15.0,125.0,0,1,28.4,102.0,791,804,16,114,0
11.88,climb_cruise,0.0,0.0,35000.0,0,0.00,0.00,0.00,0.00,15.0,125.0,0,1,28.3,102.0,791,804,16,115,0
11.90,climb_cruise,0.0,0.0,35000.0,0,0.00,0.00,0.00,0.00,15.0,125.0,0,1,28.2,102.0,791,804,16,116,0
11.92,climb_cruise,0.0,0.0,35000.0,0,0.00,0.00,0.00,0.00,15.0,125.0,0,1,28.2,102.0,791,804,16,116,0
11.94,climb_cruise,0.0,0.0,35000.0,0,0.00,0.00,0.00,0.00,15.0,125.0,0,1,28.1,102.0,791,804,16,115,0
11.96,climb_cruise,0.0,0.0,35000.0,0,0.00,0.00,0.00,0.00,15.0,125.0,0,1,28.1,102.0,791,804,16,115,0
11.98,climb_cruise,0.0,0.0,35000.0,0,0.00,0.00,0.00,0.00,15.0,125.0,0,1,28.0,102.0,791,804,16,114,0
12.00,climb_cruise,0.0,0.0,35000.0,0,0.00,0.00,0.00,0.00,15.0,125.0,0,1,28.0,102.0,791,804,16,115,0
12.02,climb_cruise,0.0,0.0,35000.0,0,0.00,0.00,0.00,0.00,15.0,125.0,0,1,27.9,102.0,791,804,16,115,0
12.04,climb_cruise,0.0,0.0,35000.0,0,0.00,0.00,0.00,0.00,15.0,125.0,0,1,27.8,102.0,791,804,16,114,0
12.06,climb_cruise,0.0,0.0,35000.0,0,0.00,0.00,0.00,0.00,15.0,125.0,0,1,27.8,102.0,791,804,16,115,0
12.08,climb_cruise,0.0,0.0,35000.0,0,0.00,0.00,0.00,0.00,15.0,125.0,0,1,27.7,102.0,791,804,16,115,0
12.10,climb_cruise,0.0,0.0,35000.0,0,0.00,0.00,0.00,0.00,15.0,125.0,0,1,27.7,102.0,791,804,16,114,0
12.12,climb_cruise,0.0,0.0,35000.0,0,0.00,0.00,0.00,0.00,15.0,125.0,0,1,27.6,102.0,791,804,16,115,0
12.14,climb_cruise,0.0,0.0,35000.0,0,0.00,0.00,0.00,0.00,15.0,125.0,0,1,27.6,102.0,791,804,16,116,0
12.16,climb_cruise,0.0,0.0,35000.0,0,0.00,0.00,0.00,0.00,15.0,125.0,0,1,27.5,102.0,791,804,16,115,0
12.18,climb_cruise,0.0,0.0,35000.0,0,0.00,0.00,0.00,0.00,15.0,125.0,0,1,27.5,102.0,791,804,16,116,0
12.20,climb_cruise,0.0,0.0,35000.0,0,0.00,0.00,0.00,0.00,15.0,125.0,0,1,27.4,102.0,791,804,16,116,0
12.22,climb_cruise,0.0,0.0,35000.0,0,0.00,0.00,0.00,0.00,15.0,125.0,0,1,27.4,102.0,791,804,16,115,0
12.24,climb_cruise,0.0,0.0,35000.0,0,0.00,0.00,0.00,0.00,15.0,125.0,0,1,27.3,102.0,791,804,16,115,0
12.26,climb_cruise,0.0,0.0,35000.0,0,0.00,0.00,0.00,0.00,15.0,125.0,0,1,27.2,102.0,791,804,16,115,0
12.28,climb_cruise,0.0,0.0,35000.0,0,0.00,0.00,0.00,0.00,15.0,125.0,0,1,27.2,102.0,791,804,16,115,0
12.30,climb_cruise,0.0,0.0,35000.0,0,0.00,0.00,0.00,0.00,15.0,125.0,0,1,27.1,102.0,791,804,16,116,0
12.32,climb_cruise,0.0,0.0,35000.0,0,0.00,0.00,0.00,0.00,15.0,125.0,0,1,27.1,102.0,791,804,16,115,0
12.34,climb_cruise,0.0,0.0,35000.0,0,0.00,0.00,0.00,0.00,15.0,125.0,0,1,27.0,102.0,791,804,16,115,0
12.36,climb_cruise,0.0,0.0,35000.0,0,0.00,0.00,0.00,0.00,15.0,125.0,0,1,27.0,102.0,791,804,16,114,0
12.38,climb_cruise,0.0,0.0,35000.0,0,0.00,0.00,0.00,0.00,15.0,125.0,0,1,26.9,102.0,791,804,16,115,0
12.40,climb_cruise,0.0,0.0,35000.0,0,0.00,0.00,0.00,0.00,15.0,125.0,0,1,26.9,102.0,791,804,16,116,0
12.42,climb_cruise,0.0,0.0,35000.0,0,0.00,0.00,0.00,0.00,15.0,125.0,0,1,26.8,102.0,791,804,16,114,0
12.44,climb_cruise,0.0,0.0,35000.0,0,0.00,0.00,0.00,0.00,15.0,125.0,0,1,26.8,102.0,791,804,16,116,0
12.46,climb_cruise,0.0,0.0,35000.0,0,0.00,0.00,0.00,0.00,15.0,125.0,0,1,26.7,102.0,791,804,16,115,0
12.48,climb_cruise,0.0,0.0,35000.0,0,0.00,0.00,0.00,0.00,15.0,125.0,0,1,26.6,102.0,791,804,16,114,0
12.50,climb_cruise,0.0,0.0,35000.0,0,0.00,0.00,0.00,0.00,15.0,125.0,0,1,26.6,102.0,791,804,16,115,0
12.52,climb_cruise,0.0,0.0,35000.0,0,0.00,0.00,0.00,0.00,15.0,125.0,0,1,26.5,102.0,791,804,16,115,0
12.54,climb_cruise,0.0,0.0,35000.0,0,0.00,0.00,0.00,0.00,15.0,125.0,0,1,26.5,102.0,791,804,16,115,0
12.56,climb_cruise,0.0,0.0,35000.0,0,0.00,0.00,0.00,0.00,15.0,125.0,0,1,26.4,102.0,791,804,16,116,0
12.58,climb_cruise,0.0,0.0,35000.0,0,0.00,0.00,0.00,0.00,15.0,125.0,0,1,26.4,102.0,791,804,16,114,0
12.60,climb_cruise,0.0,0.0,35000.0,0,0.00,0.00,0.00,0.00,15.0,125.0,0,1,26.3,102.0,791,804,16,116,0
12.62,climb_cruise,0.0,0.0,35000.0,0,0.00,0.00,0.00,0.00,15.0,125.0,0,1,26.3,102.0,791,804,16,116,0
12.64,climb_cruise,0.0,0.0,35000.0,0,0.00,0.00,0.00,0.00,15.0,125.0,0,1,26.2,102.0,791,804,16,116,0
12.66,climb_cruise,0.0,0.0,35000.0,0,0.00,0.00,0.00,0.00,15.0,125.0,0,1,26.2,102.0,791,804,16,116,0
12.68,climb_cruise,0.0,0.0,35000.0,0,0.00,0.00,0.00,0.00,15.0,125.0,0,1,26.1,102.0,791,804,16,114,0
12.70,climb_cruise,0.0,0.0,35000.0,0,0.00,0.00,0.00,0.00,15.0,125.0,0,1,26.1,102.0,791,804,16,114,0
12.72,climb_cruise,0.0,0.0,35000.0,0,0.00,0.00,0.00,0.00,15.0,125.0,0,1,26.0,102.0,791,804,16,116,0
12.74,climb_cruise,0.0,0.0,35000.0,0,0.00,0.00,0.00,0.00,15.0,125.0,0,1,26.0,102.0,791,804,16,115,0
12.76,climb_cruise,0.0,0.0,35000.0,0,0.00,0.00,0.00,0.00,15.0,125.0,0,1,25.9,102.0,791,804,16,116,0
12.78,climb_cruise,0.0,0.0,35000.0,0,0.00,0.00,0.00,0.00,15.0,125.0,0,1,25.9,102.0,791,804,16,114,0
12.80,climb_cruise,0.0,0.0,35000.0,0,0.00,0.00,0.00,0.00,15.0,125.0,0,1,25.8,102.0,791,804,16,115,0
12.82,climb_cruise,0.0,0.0,35000.0,0,0.00,0.00,0.00,0.00,15.0,125.0,0,1,25.8,102.0,791,804,16,114,0
12.84,climb_cruise,0.0,0.0,35000.0,0,0.00,0.00,0.00,0.00,15.0,125.0,0,1,25.7,102.0,791,804,16,114,0
12.86,climb_cruise,0.0,0.0,35000.0,0,0.00,0.00,0.00,0.00,15.0,125.0,0,1,25.7,102.0,791,804,16,116,0
12.88,climb_cruise,0.0,0.0,35000.0,0,0.00,0.00,0.00,0.00,15.0,125.0,0,1,25.6,102.0,791,804,16,115,0
12.90,climb_cruise,0.0,0.0,35000.0,0,0.00,0.00,0.00,0.00,15.0,125.0,0,1,25.6,102.0,791,804,16,115,0
12.92,climb_cruise,0.0,0.0,35000.0,0,0.00,0.00,0.00,0.00,15.0,125.0,0,1,25.5,102.0,791,804,16,114,0
12.94,climb_cruise,0.0,0.0,35000.0,0,0.00,0.00,0.00,0.00,15.0,125.0,0,1,25.5,102.0,791,804,16,115,0
12.96,climb_cruise,0.0,0.0,35000.0,0,0.00,0.00,0.00,0.00,15.0,125.0,0,1,25.4,102.0,791,804,16,114,0
12.98,climb_cruise,0.0,0.0,35000.0,0,0.00,0.00,0.00,0.00,15.0,125.0,0,1,25.3,102.0,791,804,16,115,0
13.00,climb_cruise,0.0,0.0,35000.0,0,0.00,0.00,0.00,0.00,15.0,125.0,0,1,25.3,102.0,791,804,16,114,0
13.02,climb_cruise,0.0,0.0,35000.0,0,0.00,0.00,0.00,0.00,15.0,125.0,0,1,25.2,102.0,791,804,16,115,0
13.04,climb_cruise,0.0,0.0,35000.0,0,0.00,0.00,0.00,0.00,15.0,125.0,0,1,25.2,102.0,791,804,16,115,0
13.06,climb_cruise,0.0,0.0,35000.0,0,0.00,0.00,0.00,0.00,15.0,125.0,0,1,25.1,102.0,791,804,16,116,0
13.08,climb_cruise,0.0,0.0,35000.0,0,0.00,0.00,0.00,0.00,15.0,125.0,0,1,25.1,102.0,791,804,16,114,0
13.10,climb_cruise,0.0,0.0,35000.0,0,0.00,0.00,0.00,0.00,15.0,125.0,0,1,25.0,102.0,791,804,16,115,0
13.12,climb_cruise,0.0,0.0,35000.0,0,0.00,0.00,0.00,0.00,15.0,125.0,0,1,25.0,102.0,791,804,16,116,0
13.14,climb_cruise,0.0,0.0,35000.0,0,0.00,0.00,0.00,0.00,15.0,125.0,0,1,24.9,102.0,791,804,16,115,0
13.16,climb_cruise,0.0,0.0,35000.0,0,0.00,0.00,0.00,0.00,15.0,125.0,0,1,24.9,102.0,791,804,16,114,0
13.18,climb_cruise,0.0,0.0,35000.0,0,0.00,0.00,0.00,0.00,15.0,125.0,0,1,24.8,102.0,791,804,16,116,0
13.20,climb_cruise,0.0,0.0,35000.0,0,0.00,0.00,0.00,0.00,15.0,125.0,0,1,24.8,102.0,791,804,16,115,0
13.22,climb_cruise,0.0,0.0,35000.0,0,0.00,0.00,0.00,0.00,15.0,125.0,0,1,24.7,102.0,791,804,16,115,0
13.24,climb_cruise,0.0,0.0,35000.0,0,0.00,0.00,0.00,0.00,15.0,125.0,0,1,24.7,102.0,791,804,16,115,0
13.26,climb_cruise,0.0,0.0,35000.0,0,0.00,0.00,0.00,0.00,15.0,125.0,0,1,24.6,102.0,791,804,16,115,0
13.28,climb_cruise,0.0,0.0,35000.0,0,0.00,0.00,0.00,0.00,15.0,125.0,0,1,24.6,102.0,791,804,16,115,0
13.30,climb_cruise,0.0,0.0,35000.0,0,0.00,0.00,0.00,0.00,15.0,125.0,0,1,24.6,102.0,791,804,16,114,0
13.32,climb_cruise,0.0,0.0,35000.0,0,0.00,0.00,0.00,0.00,15.0,125.0,0,1,24.5,102.0,791,804,16,115,0
13.34,climb_cruise,0.0,0.0,35000.0,0,0.00,0.00,0.00,0.00,15.0,125.0,0,1,24.5,102.0,791,804,16,115,0
13.36,climb_cruise,0.0,0.0,35000.0,0,0.00,0.00,0.00,0.00,15.0,125.0,0,1,24.4,102.0,791,804,16,115,0
13.38,climb_cruise,0.0,0.0,35000.0,0,0.00,0.00,0.00,0.00,15.0,125.0,0,1,24.4,102.0,791,804,16,115,0
13.40,climb_cruise,0.0,0.0,35000.0,0,0.00,0.00,0.00,0.00,15.0,125.0,0,1,24.3,102.0,791,804,16,114,0
13.42,climb_cruise,0.0,0.0,35000.0,0,0.00,0.00,0.00,0.00,15.0,125.0,0,1,24.3,102.0,791,804,16,115,0
13.44,climb_cruise,0.0,0.0,35000.0,0,0.00,0.00,0.00,0.00,15.0,125.0,0,1,24.2,102.0,791,804,16,116,0
13.46,climb_cruise,0.0,0.0,35000.0,0,0.00,0.00,0.00,0.00,15.0,125.0,0,1,24.2,102.0,791,804,16,115,0
13.48,climb_cruise,0.0,0.0,35000.0,0,0.00,0.00,0.00,0.00,15.0,125.0,0,1,24.1,102.0,791,804,16,115,0
13.50,climb_cruise,0.0,0.0,35000.0,0,0.00,0.00,0.00,0.00,15.0,125.0,0,1,24.1,102.0,791,804,16,115,0
13.52,climb_cruise,0.0,0.0,35000.0,0,0.00,0.00,0.00,0.00,15.0,125.0,0,1,24.0,102.0,791,804,16,114,0
13.54,climb_cruise,0.0,0.0,35000.0,0,0.00,0.00,0.00,0.00,15.0,125.0,0,1,24.0,102.0,791,804,16,116,0
13.56,climb_cruise,0.0,0.0,35000.0,0,0.00,0.00,0.00,0.00,15.0,125.0,0,1,23.9,102.0,791,804,16,116,0
13.58,climb_cruise,0.0,0.0,35000.0,0,0.00,0.00,0.00,0.00,15.0,125.0,0,1,23.9,102.0,791,804,16,115,0
13.60,climb_cruise,0.0,0.0,35000.0,0,0.00,0.00,0.00,0.00,15.0,125.0,0,1,23.8,102.0,791,804,16,115,0
13.62,climb_cruise,0.0,0.0,35000.0,0,0.00,0.00,0.00,0.00,15.0,125.0,0,1,23.8,102.0,791,804,16,114,0
13.64,climb_cruise,0.0,0.0,35000.0,0,0.00,0.00,0.00,0.00,15.0,125.0,0,1,23.7,102.0,791,804,16,116,0
13.66,climb_cruise,0.0,0.0,35000.0,0,0.00,0.00,0.00,0.00,15.0,125.0,0,1,23.7,102.0,791,804,16,114,0
13.68,climb_cruise,0.0,0.0,35000.0,0,0.00,0.00,0.00,0.00,15.0,125.0,0,1,23.6,102.0,791,804,16,114,0
13.70,climb_cruise,0.0,0.0,35000.0,0,0.00,0.00,0.00,0.00,15.0,125.0,0,1,23.6,102.0,791,804,16,116,0
13.72,climb_cruise,0.0,0.0,35000.0,0,0.00,0.00,0.00,0.00,15.0,125.0,0,1,23.5,102.0,791,804,16,115,0
13.74,climb_cruise,0.0,0.0,35000.0,0,0.00,0.00,0.00,0.00,15.0,125.0,0,1,23.5,102.0,791,804,16,115,0
13.76,climb_cruise,0.0,0.0,35000.0,0,0.00,0.00,0.00,0.00,15.0,125.0,0,1,23.4,102.0,791,804,16,115,0
13.78,climb_cruise,0.0,0.0,35000.0,0,0.00,0.00,0.00,0.00,15.0,125.0,0,1,23.4,102.0,791,804,16,116,0
13.80,climb_cruise,0.0,0.0,35000.0,0,0.00,0.00,0.00,0.00,15.0,125.0,0,1,23.4,102.0,791,804,16,115,0
13.82,climb_cruise,0.0,0.0,35000.0,0,0.00,0.00,0.00,0.00,15.0,125.0,0,1,23.3,102.0,791,804,16,114,0
13.84,climb_cruise,0.0,0.0,35000.0,0,0.00,0.00,0.00,0.00,15.0,125.0,0,1,23.3,102.0,791,804,16,116,0
13.86,climb_cruise,0.0,0.0,35000.0,0,0.00,0.00,0.00,0.00,15.0,125.0,0,1,23.2,102.0,791,804,16,115,0
13.88,climb_cruise,0.0,0.0,35000.0,0,0.00,0.00,0.00,0.00,15.0,125.0,0,1,23.2,102.0,791,804,16,114,0
13.90,climb_cruise,0.0,0.0,35000.0,0,0.00,0.00,0.00,0.00,15.0,125.0,0,1,23.1,102.0,791,804,16,115,0
13.92,climb_cruise,0.0,0.0,35000.0,0,0.00,0.00,0.00,0.00,15.0,125.0,0,1,23.1,102.0,791,804,16,115,0
13.94,climb_cruise,0.0,0.0,35000.0,0,0.00,0.00,0.00,0.00,15.0,125.0,0,1,23.0,102.0,791,804,16,116,0
13.96,climb_cruise,0.0,0.0,35000.0,0,0.00,0.00,0.00,0.00,15.0,125.0,0,1,23.0,102.0,791,804,16,114,0
13.98,climb_cruise,0.0,0.0,35000.0,0,0.00,0.00,0.00,0.00,15.0,125.0,0,1,22.9,102.0,791,804,16,115,0
14.00,climb_cruise,0.0,0.0,35000.0,0,0.00,0.00,0.00,0.00,15.0,125.0,0,1,22.9,102.0,791,804,16,116,0
14.02,climb_cruise,0.0,0.0,35000.0,0,0.00,0.00,0.00,0.00,15.0,125.0,0,1,22.8,102.0,791,804,16,114,0
14.04,climb_cruise,0.0,0.0,35000.0,0,0.00,0.00,0.00,0.00,15.0,125.0,0,1,22.8,102.0,791,804,16,115,0
14.06,climb_cruise,0.0,0.0,35000.0,0,0.00,0.00,0.00,0.00,15.0,125.0,0,1,22.8,102.0,791,804,16,115,0
14.08,climb_cruise,0.0,0.0,35000.0,0,0.00,0.00,0.00,0.00,15.0,125.0,0,1,22.7,102.0,791,804,16,115,0
14.10,climb_cruise,0.0,0.0,35000.0,0,0.00,0.00,0.00,0.00,15.0,125.0,0,1,22.7,102.0,791,804,16,114,0
14.12,climb_cruise,0.0,0.0,35000.0,0,0.00,0.00,0.00,0.00,15.0,125.0,0,1,22.6,102.0,791,804,16,116,0
14.14,climb_cruise,0.0,0.0,35000.0,0,0.00,0.00,0.00,0.00,15.0,125.0,0,1,22.6,102.0,791,804,16,115,0
14.16,climb_cruise,0.0,0.0,35000.0,0,0.00,0.00,0.00,0.00,15.0,125.0,0,1,22.5,102.0,791,804,16,115,0
14.18,climb_cruise,0.0,0.0,35000.0,0,0.00,0.00,0.00,0.00,15.0,125.0,0,1,22.5,102.0,791,804,16,115,0
14.20,climb_cruise,0.0,0.0,35000.0,0,0.00,0.00,0.00,0.00,15.0,125.0,0,1,22.4,102.0,791,804,16,115,0
14.22,climb_cruise,0.0,0.0,35000.0,0,0.00,0.00,0.00,0.00,15.0,125.0,0,1,22.4,102.0,791,804,16,115,0
14.24,climb_cruise,0.0,0.0,35000.0,0,0.00,0.00,0.00,0.00,15.0,125.0,0,1,22.3,102.0,791,804,16,114,0
14.26,climb_cruise,0.0,0.0,35000.0,0,0.00,0.00,0.00,0.00,15.0,125.0,0,1,22.3,102.0,791,804,16,115,0
14.28,climb_cruise,0.0,0.0,35000.0,0,0.00,0.00,0.00,0.00,15.0,125.0,0,1,22.3,102.0,791,804,16,115,0
14.30,climb_cruise,0.0,0.0,35000.0,0,0.00,0.00,0.00,0.00,15.0,125.0,0,1,22.2,102.0,791,804,16,115,0
14.32,climb_cruise,0.0,0.0,35000.0,0,0.00,0.00,0.00,0.00,15.0,125.0,0,1,22.2,102.0,791,804,16,115,0
14.34,climb_cruise,0.0,0.0,35000.0,0,0.00,0.00,0.00,0.00,15.0,125.0,0,1,22.1,102.0,791,804,16,116,0
14.36,climb_cruise,0.0,0.0,35000.0,0,0.00,0.00,0.00,0.00,15.0,125.0,0,1,22.1,102.0,791,804,16,115,0
14.38,climb_cruise,0.0,0.0,35000.0,0,0.00,0.00,0.00,0.00,15.0,125.0,0,1,22.0,102.0,791,804,16,114,0
14.40,climb_cruise,0.0,0.0,35000.0,0,0.00,0.00,0.00,0.00,15.0,125.0,0,1,22.0,102.0,791,804,16,116,0
14.42,climb_cruise,0.0,0.0,35000.0,0,0.00,0.00,0.00,0.00,15.0,125.0,0,1,21.9,102.0,791,804,16,115,0
14.44,climb_cruise,0.0,0.0,35000.0,0,0.00,0.00,0.00,0.00,15.0,125.0,0,1,21.9,102.0,791,804,16,115,0
14.46,climb_cruise,0.0,0.0,35000.0,0,0.00,0.00,0.00,0.00,15.0,125.0,0,1,21.9,102.0,791,804,16,116,0
14.48,climb_cruise,0.0,0.0,35000.0,0,0.00,0.00,0.00,0.00,15.0,125.0,0,1,21.8,102.0,791,804,16,115,0
14.50,climb_cruise,0.0,0.0,35000.0,0,0.00,0.00,0.00,0.00,15.0,125.0,0,1,21.8,102.0,791,804,16,114,0
14.52,climb_cruise,0.0,0.0,35000.0,0,0.00,0.00,0.00,0.00,15.0,125.0,0,1,21.7,102.0,791,804,16,115,0
14.54,climb_cruise,0.0,0.0,35000.0,0,0.00,0.00,0.00,0.00,15.0,125.0,0,1,21.7,102.0,791,804,16,116,0
14.56,climb_cruise,0.0,0.0,35000.0,0,0.00,0.00,0.00,0.00,15.0,125.0,0,1,21.6,102.0,791,804,16,116,0
14.58,climb_cruise,0.0,0.0,35000.0,0,0.00,0.00,0.00,0.00,15.0,125.0,0,1,21.6,102.0,791,804,16,115,0
14.60,climb_cruise,0.0,0.0,35000.0,0,0.00,0.00,0.00,0.00,15.0,125.0,0,1,21.6,102.0,791,804,16,115,0
14.62,climb_cruise,0.0,0.0,35000.0,0,0.00,0.00,0.00,0.00,15.0,125.0,0,1,21.5,102.0,791,804,16,114,0
14.64,climb_cruise,0.0,0.0,35000.0,0,0.00,0.00,0.00,0.00,15.0,125.0,0,1,21.5,102.0,791,804,16,115,0
14.66,climb_cruise,0.0,0.0,35000.0,0,0.00,0.00,0.00,0.00,15.0,125.0,0,1,21.4,102.0,791,804,16,115,0
14.68,climb_cruise,0.0,0.0,35000.0,0,0.00,0.00,0.00,0.00,15.0,125.0,0,1,21.4,102.0,791,804,16,116,0
14.70,climb_cruise,0.0,0.0,35000.0,0,0.00,0.00,0.00,0.00,15.0,125.0,0,1,21.3,102.0,791,804,16,116,0
14.72,climb_cruise,0.0,0.0,35000.0,0,0.00,0.00,0.00,0.00,15.0,125.0,0,1,21.3,102.0,791,804,16,115,0
14.74,climb_cruise,0.0,0.0,35000.0,0,0.00,0.00,0.00,0.00,15.0,125.0,0,1,21.3,102.0,791,804,16,115,0
14.76,climb_cruise,0.0,0.0,35000.0,0,0.00,0.00,0.00,0.00,15.0,125.0,0,1,21.2,102.0,791,804,16,114,0
14.78,climb_cruise,0.0,0.0,35000.0,0,0.00,0.00,0.00,0.00,15.0,125.0,0,1,21.2,102.0,791,804,16,116,0
14.80,climb_cruise,0.0,0.0,35000.0,0,0.00,0.00,0.00,0.00,15.0,125.0,0,1,21.1,102.0,791,804,16,115,0
14.82,climb_cruise,0.0,0.0,35000.0,0,0.00,0.00,0.00,0.00,15.0,125.0,0,1,21.1,102.0,791,804,16,116,0
14.84,climb_cruise,0.0,0.0,35000.0,0,0.00,0.00,0.00,0.00,15.0,125.0,0,1,21.0,102.0,791,804,16,115,0
14.86,climb_cruise,0.0,0.0,35000.0,0,0.00,0.00,0.00,0.00,15.0,125.0,0,1,21.0,102.0,791,804,16,116,0
14.88,climb_cruise,0.0,0.0,35000.0,0,0.00,0.00,0.00,0.00,15.0,125.0,0,1,21.0,102.0,791,804,16,115,0
14.90,climb_cruise,0.0,0.0,35000.0,0,0.00,0.00,0.00,0.00,15.0,125.0,0,1,20.9,102.0,791,804,16,116,0
14.92,climb_cruise,0.0,0.0,35000.0,0,0.00,0.00,0.00,0.00,15.0,125.0,0,1,20.9,102.0,791,804,16,115,0
14.94,climb_cruise,0.0,0.0,35000.0,0,0.00,0.00,0.00,0.00,15.0,125.0,0,1,20.8,102.0,791,804,16,114,0
14.96,climb_cruise,0.0,0.0,35000.0,0,0.00,0.00,0.00,0.00,15.0,125.0,0,1,20.8,102.0,791,804,16,115,0
14.98,climb_cruise,0.0,0.0,35000.0,0,0.00,0.00,0.00,0.00,15.0,125.0,0,1,20.8,102.0,791,804,16,116,0
15.00,climb_cruise,0.0,0.0,35000.0,0,0.00,0.00,0.00,0.00,15.0,125.0,0,1,20.7,102.0,791,804,16,116,0
15.02,climb_cruise,0.0,0.0,35000.0,0,0.00,0.00,0.00,0.00,15.0,125.0,0,1,20.7,102.0,791,804,16,116,0
15.04,climb_cruise,0.0,0.0,35000.0,0,0.00,0.00,0.00,0.00,15.0,125.0,0,1,20.6,102.0,791,804,16,115,0
15.06,climb_cruise,0.0,0.0,35000.0,0,0.00,0.00,0.00,0.00,15.0,125.0,0,1,20.6,102.0,791,804,16,115,0
15.08,climb_cruise,0.0,0.0,35000.0,0,0.00,0.00,0.00,0.00,15.0,125.0,0,1,20.5,102.0,791,804,16,116,0
15.10,climb_cruise,0.0,0.0,35000.0,0,0.00,0.00,0.00,0.00,15.0,125.0,0,1,20.5,102.0,791,804,16,115,0
15.12,climb_cruise,0.0,0.0,35000.0,0,0.00,0.00,0.00,0.00,15.0,125.0,0,1,20.5,102.0,791,804,16,115,0
15.14,climb_cruise,0.0,0.0,35000.0,0,0.00,0.00,0.00,0.00,15.0,125.0,0,1,20.4,102.0,791,804,16,114,0
15.16,climb_cruise,0.0,0.0,35000.0,0,0.00,0.00,0.00,0.00,15.0,125.0,0,1,20.4,102.0,791,804,16,115,0
15.18,climb_cruise,0.0,0.0,35000.0,0,0.00,0.00,0.00,0.00,15.0,125.0,0,1,20.3,102.0,791,804,16,116,0
15.20,climb_cruise,0.0,0.0,35000.0,0,0.00,0.00,0.00,0.00,15.0,125.0,0,1,20.3,102.0,791,804,16,114,0
15.22,climb_cruise,0.0,0.0,35000.0,0,0.00,0.00,0.00,0.00,15.0,125.0,0,1,20.3,102.0,791,804,16,116,0
15.24,climb_cruise,0.0,0.0,35000.0,0,0.00,0.00,0.00,0.00,15.0,125.0,0,1,20.2,102.0,791,804,16,115,0
15.26,climb_cruise,0.0,0.0,35000.0,0,0.00,0.00,0.00,0.00,15.0,125.0,0,1,20.2,102.0,791,804,16,114,0
15.28,climb_cruise,0.0,0.0,35000.0,0,0.00,0.00,0.00,0.00,15.0,125.0,0,1,20.1,102.0,791,804,16,114,0
15.30,climb_cruise,0.0,0.0,35000.0,0,0.00,0.00,0.00,0.00,15.0,125.0,0,1,20.1,102.0,791,804,16,115,0
15.32,climb_cruise,0.0,0.0,35000.0,0,0.00,0.00,0.00,0.00,15.0,125.0,0,1,20.1,102.0,791,804,16,115,0
15.34,climb_cruise,0.0,0.0,35000.0,0,0.00,0.00,0.00,0.00,15.0,125.0,0,1,20.0,102.0,791,804,16,114,0
15.36,climb_cruise,0.0,0.0,35000.0,0,0.00,0.00,0.00,0.00,15.0,125.0,0,1,20.0,102.0,791,804,16,116,0
15.38,climb_cruise,0.0,0.0,35000.0,0,0.00,0.00,0.00,0.00,15.0,125.0,0,1,19.9,102.0,791,804,16,116,0
15.40,climb_cruise,0.0,0.0,35000.0,0,0.00,0.00,0.00,0.00,15.0,125.0,0,1,19.9,102.0,791,804,16,114,0
15.42,climb_cruise,0.0,0.0,35000.0,0,0.00,0.00,0.00,0.00,15.0,125.0,0,1,19.9,102.0,791,804,16,116,0
15.44,climb_cruise,0.0,0.0,35000.0,0,0.00,0.00,0.00,0.00,15.0,125.0,0,1,19.8,102.0,791,804,16,116,0
15.46,climb_cruise,0.0,0.0,35000.0,0,0.00,0.00,0.00,0.00,15.0,125.0,0,1,19.8,102.0,791,804,16,114,0
15.48,climb_cruise,0.0,0.0,35000.0,0,0.00,0.00,0.00,0.00,15.0,125.0,0,1,19.7,102.0,791,804,16,116,0
15.50,climb_cruise,0.0,0.0,35000.0,0,0.00,0.00,0.00,0.00,15.0,125.0,0,1,19.7,102.0,791,804,16,115,0
15.52,climb_cruise,0.0,0.0,35000.0,0,0.00,0.00,0.00,0.00,15.0,125.0,0,1,19.7,102.0,791,804,16,115,0
15.54,climb_cruise,0.0,0.0,35000.0,0,0.00,0.00,0.00,0.00,15.0,125.0,0,1,19.6,102.0,791,804,16,114,0
15.56,climb_cruise,0.0,0.0,35000.0,0,0.00,0.00,0.00,0.00,15.0,125.0,0,1,19.6,102.0,791,804,16,115,0
15.58,climb_cruise,0.0,0.0,35000.0,0,0.00,0.00,0.00,0.00,15.0,125.0,0,1,19.5,102.0,791,804,16,114,0
15.60,climb_cruise,0.0,0.0,35000.0,0,0.00,0.00,0.00,0.00,15.0,125.0,0,1,19.5,102.0,791,804,16,115,0
15.62,climb_cruise,0.0,0.0,35000.0,0,0.00,0.00,0.00,0.00,15.0,125.0,0,1,19.5,102.0,791,804,16,114,0
15.64,climb_cruise,0.0,0.0,35000.0,0,0.00,0.00,0.00,0.00,15.0,125.0,0,1,19.4,102.0,791,804,16,115,0
15.66,climb_cruise,0.0,0.0,35000.0,0,0.00,0.00,0.00,0.00,15.0,125.0,0,1,19.4,102.0,791,804,16,114,0
15.68,climb_cruise,0.0,0.0,35000.0,0,0.00,0.00,0.00,0.00,15.0,125.0,0,1,19.4,102.0,791,804,16,116,0
15.70,climb_cruise,0.0,0.0,35000.0,0,0.00,0.00,0.00,0.00,15.0,125.0,0,1,19.3,102.0,791,804,16,116,0
15.72,climb_cruise,0.0,0.0,35000.0,0,0.00,0.00,0.00,0.00,15.0,125.0,0,1,19.3,102.0,791,804,16,114,0
15.74,climb_cruise,0.0,0.0,35000.0,0,0.00,0.00,0.00,0.00,15.0,125.0,0,1,19.2,102.0,791,804,16,116,0
15.76,climb_cruise,0.0,0.0,35000.0,0,0.00,0.00,0.00,0.00,15.0,125.0,0,1,19.2,102.0,791,804,16,115,0
15.78,climb_cruise,0.0,0.0,35000.0,0,0.00,0.00,0.00,0.00,15.0,125.0,0,1,19.2,102.0,791,804,16,114,0
15.80,climb_cruise,0.0,0.0,35000.0,0,0.00,0.00,0.00,0.00,15.0,125.0,0,1,19.1,102.0,791,804,16,116,0
15.82,climb_cruise,0.0,0.0,35000.0,0,0.00,0.00,0.00,0.00,15.0,125.0,0,1,19.1,102.0,791,804,16,114,0
15.84,climb_cruise,0.0,0.0,35000.0,0,0.00,0.00,0.00,0.00,15.0,125.0,0,1,19.0,102.0,791,804,16,114,0
15.86,climb_cruise,0.0,0.0,35000.0,0,0.00,0.00,0.00,0.00,15.0,125.0,0,1,19.0,102.0,791,804,16,116,0
15.88,climb_cruise,0.0,0.0,35000.0,0,0.00,0.00,0.00,0.00,15.0,125.0,0,1,19.0,102.0,791,804,16,114,0
15.90,climb_cruise,0.0,0.0,35000.0,0,0.00,0.00,0.00,0.00,15.0,125.0,0,1,18.9,102.0,791,804,16,114,0
15.92,climb_cruise,0.0,0.0,35000.0,0,0.00,0.00,0.00,0.00,15.0,125.0,0,1,18.9,102.0,791,804,16,116,0
15.94,climb_cruise,0.0,0.0,35000.0,0,0.00,0.00,0.00,0.00,15.0,125.0,0,1,18.9,102.0,791,804,16,114,0
15.96,climb_cruise,0.0,0.0,35000.0,0,0.00,0.00,0.00,0.00,15.0,125.0,0,1,18.8,102.0,791,804,16,115,0
15.98,climb_cruise,0.0,0.0,35000.0,0,0.00,0.00,0.00,0.00,15.0,125.0,0,1,18.8,102.0,791,804,16,115,0
16.00,climb_cruise,0.0,0.0,35000.0,0,0.00,0.00,0.00,0.00,15.0,125.0,0,1,18.7,102.0,791,804,16,114,0
16.02,climb_cruise,0.0,0.0,35000.0,0,0.00,0.00,0.00,0.00,15.0,125.0,0,1,18.7,102.0,791,804,16,116,0
16.04,climb_cruise,0.0,0.0,35000.0,0,0.00,0.00,0.00,0.00,15.0,125.0,0,1,18.7,102.0,791,804,16,114,0
16.06,climb_cruise,0.0,0.0,35000.0,0,0.00,0.00,0.00,0.00,15.0,125.0,0,1,18.6,102.0,791,804,16,115,0
16.08,climb_cruise,0.0,0.0,35000.0,0,0.00,0.00,0.00,0.00,15.0,125.0,0,1,18.6,102.0,791,804,16,116,0
16.10,climb_cruise,0.0,0.0,35000.0,0,0.00,0.00,0.00,0.00,15.0,125.0,0,1,18.6,102.0,791,804,16,115,0
16.12,climb_cruise,0.0,0.0,35000.0,0,0.00,0.00,0.00,0.00,15.0,125.0,0,1,18.5,102.0,791,804,16,115,0
16.14,climb_cruise,0.0,0.0,35000.0,0,0.00,0.00,0.00,0.00,15.0,125.0,0,1,18.5,102.0,791,804,16,115,0
16.16,climb_cruise,0.0,0.0,35000.0,0,0.00,0.00,0.00,0.00,15.0,125.0,0,1,18.4,102.0,791,804,16,115,0
16.18,climb_cruise,0.0,0.0,35000.0,0,0.00,0.00,0.00,0.00,15.0,125.0,0,1,18.4,102.0,791,804,16,115,0
16.20,climb_cruise,0.0,0.0,35000.0,0,0.00,0.00,0.00,0.00,15.0,125.0,0,1,18.4,102.0,791,804,16,115,0
16.22,climb_cruise,0.0,0.0,35000.0,0,0.00,0.00,0.00,0.00,15.0,125.0,0,1,18.3,102.0,791,804,16,115,0
16.24,climb_cruise,0.0,0.0,35000.0,0,0.00,0.00,0.00,0.00,15.0,125.0,0,1,18.3,102.0,791,804,16,116,0
16.26,climb_cruise,0.0,0.0,35000.0,0,0.00,0.00,0.00,0.00,15.0,125.0,0,1,18.3,102.0,791,804,16,115,0
16.28,climb_cruise,0.0,0.0,35000.0,0,0.00,0.00,0.00,0.00,15.0,125.0,0,1,18.2,102.0,791,804,16,115,0
16.30,climb_cruise,0.0,0.0,35000.0,0,0.00,0.00,0.00,0.00,15.0,125.0,0,1,18.2,102.0,791,804,16,114,0
16.32,climb_cruise,0.0,0.0,35000.0,0,0.00,0.00,0.00,0.00,15.0,125.0,0,1,18.2,102.0,791,804,16,115,0
16.34,climb_cruise,0.0,0.0,35000.0,0,0.00,0.00,0.00,0.00,15.0,125.0,0,1,18.1,102.0,791,804,16,116,0
16.36,climb_cruise,0.0,0.0,35000.0,0,0.00,0.00,0.00,0.00,15.0,125.0,0,1,18.1,102.0,791,804,16,114,0
16.38,climb_cruise,0.0,0.0,35000.0,0,0.00,0.00,0.00,0.00,15.0,125.0,0,1,18.0,102.0,791,804,16,115,0
16.40,climb_cruise,0.0,0.0,35000.0,0,0.00,0.00,0.00,0.00,15.0,125.0,0,1,18.0,102.0,791,804,16,115,0
16.42,climb_cruise,0.0,0.0,35000.0,0,0.00,0.00,0.00,0.00,15.0,125.0,0,1,18.0,102.0,791,804,16,115,0
16.44,climb_cruise,0.0,0.0,35000.0,0,0.00,0.00,0.00,0.00,15.0,125.0,0,1,17.9,102.0,791,804,16,116,0
16.46,climb_cruise,0.0,0.0,35000.0,0,0.00,0.00,0.00,0.00,15.0,125.0,0,1,17.9,102.0,791,804,16,115,0
16.48,climb_cruise,0.0,0.0,35000.0,0,0.00,0.00,0.00,0.00,15.0,125.0,0,1,17.9,102.0,791,804,16,116,0
16.50,climb_cruise,0.0,0.0,35000.0,0,0.00,0.00,0.00,0.00,15.0,125.0,0,1,17.8,102.0,791,804,16,115,0
16.52,climb_cruise,0.0,0.0,35000.0,0,0.00,0.00,0.00,0.00,15.0,125.0,0,1,17.8,102.0,791,804,16,115,0
16.54,climb_cruise,0.0,0.0,35000.0,0,0.00,0.00,0.00,0.00,15.0,125.0,0,1,17.8,102.0,791,804,16,115,0
16.56,climb_cruise,0.0,0.0,35000.0,0,0.00,0.00,0.00,0.00,15.0,125.0,0,1,17.7,102.0,791,804,16,116,0
16.58,climb_cruise,0.0,0.0,35000.0,0,0.00,0.00,0.00,0.00,15.0,125.0,0,1,17.7,102.0,791,804,16,114,0
16.60,climb_cruise,0.0,0.0,35000.0,0,0.00,0.00,0.00,0.00,15.0,125.0,0,1,17.6,102.0,791,804,16,115,0
16.62,climb_cruise,0.0,0.0,35000.0,0,0.00,0.00,0.00,0.00,15.0,125.0,0,1,17.6,102.0,791,804,16,114,0
16.64,climb_cruise,0.0,0.0,35000.0,0,0.00,0.00,0.00,0.00,15.0,125.0,0,1,17.6,102.0,791,804,16,115,0
16.66,climb_cruise,0.0,0.0,35000.0,0,0.00,0.00,0.00,0.00,15.0,125.0,0,1,17.5,102.0,791,804,16,114,0
16.68,climb_cruise,0.0,0.0,35000.0,0,0.00,0.00,0.00,0.00,15.0,125.0,0,1,17.5,102.0,791,804,16,115,0
16.70,climb_cruise,0.0,0.0,35000.0,0,0.00,0.00,0.00,0.00,15.0,125.0,0,1,17.5,102.0,791,804,16,115,0
16.72,climb_cruise,0.0,0.0,35000.0,0,0.00,0.00,0.00,0.00,15.0,125.0,0,1,17.4,102.0,791,804,16,114,0
16.74,climb_cruise,0.0,0.0,35000.0,0,0.00,0.00,0.00,0.00,15.0,125.0,0,1,17.4,102.0,791,804,16,115,0
16.76,climb_cruise,0.0,0.0,35000.0,0,0.00,0.00,0.00,0.00,15.0,125.0,0,1,17.4,102.0,791,804,16,114,0
16.78,climb_cruise,0.0,0.0,35000.0,0,0.00,0.00,0.00,0.00,15.0,125.0,0,1,17.3,102.0,791,804,16,116,0
16.80,climb_cruise,0.0,0.0,35000.0,0,0.00,0.00,0.00,0.00,15.0,125.0,0,1,17.3,102.0,791,804,16,115,0
16.82,climb_cruise,0.0,0.0,35000.0,0,0.00,0.00,0.00,0.00,15.0,125.0,0,1,17.3,102.0,791,804,16,116,0
16.84,climb_cruise,0.0,0.0,35000.0,0,0.00,0.00,0.00,0.00,15.0,125.0,0,1,17.2,102.0,791,804,16,114,0
16.86,climb_cruise,0.0,0.0,35000.0,0,0.00,0.00,0.00,0.00,15.0,125.0,0,1,17.2,102.0,791,804,16,114,0
16.88,climb_cruise,0.0,0.0,35000.0,0,0.00,0.00,0.00,0.00,15.0,125.0,0,1,17.2,102.0,791,804,16,114,0
16.90,climb_cruise,0.0,0.0,35000.0,0,0.00,0.00,0.00,0.00,15.0,125.0,0,1,17.1,102.0,791,804,16,115,0
16.92,climb_cruise,0.0,0.0,35000.0,0,0.00,0.00,0.00,0.00,15.0,125.0,0,1,17.1,102.0,791,804,16,116,0
16.94,climb_cruise,0.0,0.0,35000.0,0,0.00,0.00,0.00,0.00,15.0,125.0,0,1,17.1,102.0,791,804,16,115,0
16.96,climb_cruise,0.0,0.0,35000.0,0,0.00,0.00,0.00,0.00,15.0,125.0,0,1,17.0,102.0,791,804,16,115,0
16.98,climb_cruise,0.0,0.0,35000.0,0,0.00,0.00,0.00,0.00,15.0,125.0,0,1,17.0,102.0,791,804,16,115,0
17.00,climb_cruise,0.0,0.0,35000.0,0,0.00,0.00,0.00,0.00,15.0,125.0,0,1,17.0,102.0,791,804,16,115,0
17.02,climb_cruise,0.0,0.0,35000.0,0,0.00,0.00,0.00,0.00,15.0,125.0,0,1,16.9,102.0,791,804,16,115,0
17.04,climb_cruise,0.0,0.0,35000.0,0,0.00,0.00,0.00,0.00,15.0,125.0,0,1,16.9,102.0,791,804,16,116,0
17.06,climb_cruise,0.0,0.0,35000.0,0,0.00,0.00,0.00,0.00,15.0,125.0,0,1,16.9,102.0,791,804,16,116,0
17.08,climb_cruise,0.0,0.0,35000.0,0,0.00,0.00,0.00,0.00,15.0,125.0,0,1,16.8,102.0,791,804,16,114,0
17.10,climb_cruise,0.0,0.0,35000.0,0,0.00,0.00,0.00,0.00,15.0,125.0,0,1,16.8,102.0,791,804,16,115,0
17.12,climb_cruise,0.0,0.0,35000.0,0,0.00,0.00,0.00,0.00,15.0,125.0,0,1,16.8,102.0,791,804,16,115,0
17.14,climb_cruise,0.0,0.0,35000.0,0,0.00,0.00,0.00,0.00,15.0,125.0,0,1,16.7,102.0,791,804,16,116,0
17.16,climb_cruise,0.0,0.0,35000.0,0,0.00,0.00,0.00,0.00,15.0,125.0,0,1,16.7,102.0,791,804,16,115,0
17.18,climb_cruise,0.0,0.0,35000.0,0,0.00,0.00,0.00,0.00,15.0,125.0,0,1,16.7,102.0,791,804,16,115,0
17.20,climb_cruise,0.0,0.0,35000.0,0,0.00,0.00,0.00,0.00,15.0,125.0,0,1,16.6,102.0,791,804,16,115,0
17.22,climb_cruise,0.0,0.0,35000.0,0,0.00,0.00,0.00,0.00,15.0,125.0,0,1,16.6,102.0,791,804,16,116,0
17.24,climb_cruise,0.0,0.0,35000.0,0,0.00,0.00,0.00,0.00,15.0,125.0,0,1,16.6,102.0,791,804,16,115,0
17.26,climb_cruise,0.0,0.0,35000.0,0,0.00,0.00,0.00,0.00,15.0,125.0,0,1,16.5,102.0,791,804,16,115,0
17.28,climb_cruise,0.0,0.0,35000.0,0,0.00,0.00,0.00,0.00,15.0,125.0,0,1,16.5,102.0,791,804,16,115,0
17.30,climb_cruise,0.0,0.0,35000.0,0,0.00,0.00,0.00,0.00,15.0,125.0,0,1,16.5,102.0,791,804,16,116,0
17.32,climb_cruise,0.0,0.0,35000.0,0,0.00,0.00,0.00,0.00,15.0,125.0,0,1,16.4,102.0,791,804,16,114,0
17.34,climb_cruise,0.0,0.0,35000.0,0,0.00,0.00,0.00,0.00,15.0,125.0,0,1,16.4,102.0,791,804,16,116,0
17.36,climb_cruise,0.0,0.0,35000.0,0,0.00,0.00,0.00,0.00,15.0,125.0,0,1,16.4,102.0,791,804,16,114,0
17.38,climb_cruise,0.0,0.0,35000.0,0,0.00,0.00,0.00,0.00,15.0,125.0,0,1,16.3,102.0,791,804,16,116,0
17.40,climb_cruise,0.0,0.0,35000.0,0,0.00,0.00,0.00,0.00,15.0,125.0,0,1,16.3,102.0,791,804,16,116,0
17.42,climb_cruise,0.0,0.0,35000.0,0,0.00,0.00,0.00,0.00,15.0,125.0,0,1,16.3,102.0,791,804,16,115,0
17.44,climb_cruise,0.0,0.0,35000.0,0,0.00,0.00,0.00,0.00,15.0,125.0,0,1,16.2,102.0,791,804,16,115,0
17.46,climb_cruise,0.0,0.0,35000.0,0,0.00,0.00,0.00,0.00,15.0,125.0,0,1,16.2,102.0,791,804,16,114,0
17.48,climb_cruise,0.0,0.0,35000.0,0,0.00,0.00,0.00,0.00,15.0,125.0,0,1,16.2,102.0,791,804,16,115,0
17.50,climb_cruise,0.0,0.0,35000.0,0,0.00,0.00,0.00,0.00,15.0,125.0,0,1,16.1,102.0,791,804,16,114,0
17.52,climb_cruise,0.0,0.0,35000.0,0,0.00,0.00,0.00,0.00,15.0,125.0,0,1,16.1,102.0,791,804,16,115,0
17.54,climb_cruise,0.0,0.0,35000.0,0,0.00,0.00,0.00,0.00,15.0,125.0,0,1,16.1,102.0,791,804,16,116,0
17.56,climb_cruise,0.0,0.0,35000.0,0,0.00,0.00,0.00,0.00,15.0,125.0,0,1,16.0,102.0,791,804,16,116,0
17.58,climb_cruise,0.0,0.0,35000.0,0,0.00,0.00,0.00,0.00,15.0,125.0,0,1,16.0,102.0,791,804,16,115,0
17.60,climb_cruise,0.0,0.0,35000.0,0,0.00,0.00,0.00,0.00,15.0,125.0,0,1,16.0,102.0,791,804,16,115,0
17.62,climb_cruise,0.0,0.0,35000.0,0,0.00,0.00,0.00,0.00,15.0,125.0,0,1,15.9,102.0,791,804,16,115,0
17.64,climb_cruise,0.0,0.0,35000.0,0,0.00,0.00,0.00,0.00,15.0,125.0,0,1,15.9,102.0,791,804,16,115,0
17.66,climb_cruise,0.0,0.0,35000.0,0,0.00,0.00,0.00,0.00,15.0,125.0,0,1,15.9,102.0,791,804,16,115,0
17.68,climb_cruise,0.0,0.0,35000.0,0,0.00,0.00,0.00,0.00,15.0,125.0,0,1,15.8,102.0,791,804,16,115,0
17.70,climb_cruise,0.0,0.0,35000.0,0,0.00,0.00,0.00,0.00,15.0,125.0,0,1,15.8,102.0,791,804,16,115,0
17.72,climb_cruise,0.0,0.0,35000.0,0,0.00,0.00,0.00,0.00,15.0,125.0,0,1,15.8,102.0,791,804,16,115,0
17.74,climb_cruise,0.0,0.0,35000.0,0,0.00,0.00,0.00,0.00,15.0,125.0,0,1,15.7,102.0,791,804,16,114,0
17.76,climb_cruise,0.0,0.0,35000.0,0,0.00,0.00,0.00,0.00,15.0,125.0,0,1,15.7,102.0,791,804,16,116,0
17.78,climb_cruise,0.0,0.0,35000.0,0,0.00,0.00,0.00,0.00,15.0,125.0,0,1,15.7,102.0,791,804,16,114,0
17.80,climb_cruise,0.0,0.0,35000.0,0,0.00,0.00,0.00,0.00,15.0,125.0,0,1,15.7,102.0,791,804,16,115,0
17.82,climb_cruise,0.0,0.0,35000.0,0,0.00,0.00,0.00,0.00,15.0,125.0,0,1,15.6,102.0,791,804,16,116,0
17.84,climb_cruise,0.0,0.0,35000.0,0,0.00,0.00,0.00,0.00,15.0,125.0,0,1,15.6,102.0,791,804,16,115,0
17.86,climb_cruise,0.0,0.0,35000.0,0,0.00,0.00,0.00,0.00,15.0,125.0,0,1,15.6,102.0,791,804,16,115,0
17.88,climb_cruise,0.0,0.0,35000.0,0,0.00,0.00,0.00,0.00,15.0,125.0,0,1,15.5,102.0,791,804,16,116,0
17.90,climb_cruise,0.0,0.0,35000.0,0,0.00,0.00,0.00,0.00,15.0,125.0,0,1,15.5,102.0,791,804,16,116,0
17.92,climb_cruise,0.0,0.0,35000.0,0,0.00,0.00,0.00,0.00,15.0,125.0,0,1,15.5,102.0,791,804,16,116,0
17.94,climb_cruise,0.0,0.0,35000.0,0,0.00,0.00,0.00,0.00,15.0,125.0,0,1,15.4,102.0,791,804,16,115,0
17.96,climb_cruise,0.0,0.0,35000.0,0,0.00,0.00,0.00,0.00,15.0,125.0,0,1,15.4,102.0,791,804,16,115,0
17.98,climb_cruise,0.0,0.0,35000.0,0,0.00,0.00,0.00,0.00,15.0,125.0,0,1,15.4,102.0,791,804,16,116,0