time_s,airspeed_kts,groundSpeed_kts,altitude_ft,verticalSpeed_fpm,pitch_deg,roll_deg,yaw_deg,alpha_deg,stallAlpha_deg,stallSpeed_kts,stallWarning,stall,eng1_n1,eng2_n1,eng1_egt,eng2_egt,hydPress_psi,elecVolts,onGround
0.00,155.1,150.1,6.6,73,0.36,-0.16,359.84,0.10,15.0,125.0,0,0,88.4,88.4,771,771,3000,115,1
0.05,155.3,150.3,6.7,183,0.58,0.55,359.48,0.00,15.0,125.0,0,0,88.1,88.1,768,768,3000,115,1
0.10,155.4,150.4,6.9,252,0.59,-0.44,359.01,-0.31,15.0,125.0,0,0,87.8,87.7,767,766,3000,115,1
0.15,155.6,150.6,7.1,277,0.67,0.38,358.69,-0.33,15.0,125.0,0,0,87.4,87.4,766,766,3000,114,1
0.20,155.7,150.7,7.3,290,0.78,-0.36,358.52,-0.30,15.0,125.0,0,0,87.0,87.0,766,765,3000,115,1
0.25,155.8,150.8,7.6,302,0.89,0.29,358.43,-0.21,15.0,125.0,0,0,86.7,86.7,766,766,3000,116,1
0.30,156.0,151.0,7.8,313,1.01,-0.32,358.42,-0.15,15.0,125.0,0,0,86.4,86.4,766,766,3000,115,1
0.35,156.1,151.1,8.1,325,1.13,0.22,358.43,-0.06,15.0,125.0,0,0,86.2,86.1,767,767,3000,115,1
0.40,156.2,151.2,8.4,336,1.25,-0.26,358.49,0.01,15.0,125.0,0,0,86.0,85.9,767,767,3000,116,1
0.45,156.4,151.4,8.6,348,1.37,0.15,358.56,0.10,15.0,125.0,0,0,85.8,85.8,768,768,3000,115,1
0.50,156.5,151.5,8.9,347,1.56,0.41,358.21,0.27,15.0,125.0,0,0,85.8,85.7,769,769,3000,115,1
0.55,156.6,151.6,9.2,361,1.80,0.74,357.93,0.44,15.0,125.0,0,0,85.7,85.7,770,769,3000,116,1
0.60,156.7,151.7,9.5,386,1.99,0.94,357.59,0.55,15.0,125.0,0,0,85.7,85.6,770,770,3000,114,1
0.65,156.8,151.8,9.8,411,2.16,1.01,357.06,0.62,15.0,125.0,0,0,85.7,85.7,771,771,3000,115,1
0.70,156.9,151.9,10.2,436,2.29,0.93,356.40,0.66,15.0,125.0,0,0,85.8,85.7,772,772,3000,115,1
0.75,157.0,152.0,10.6,460,2.35,0.75,355.70,0.65,15.0,125.0,0,0,85.8,85.8,773,773,3000,115,1
0.80,157.2,152.2,10.9,478,2.34,0.56,355.01,0.59,15.0,125.0,0,0,86.0,85.9,773,773,3000,115,1
0.85,157.3,152.3,11.4,484,2.27,0.39,354.36,0.50,15.0,125.0,0,0,86.1,86.1,774,774,3000,114,1
0.90,157.4,152.4,11.8,478,2.15,0.24,353.76,0.42,15.0,125.0,0,0,86.2,86.2,775,775,3000,114,1
0.95,157.5,152.5,12.2,461,2.01,0.10,353.20,0.34,15.0,125.0,0,0,86.4,86.4,776,776,3000,116,1
1.00,157.6,152.6,12.5,435,1.85,-0.01,352.70,0.28,15.0,125.0,0,0,86.6,86.6,776,776,3000,115,1
1.05,157.7,152.8,12.9,403,1.68,-0.10,352.23,0.24,15.0,125.0,0,0,86.8,86.8,777,777,3000,115,1
1.10,157.9,152.9,13.2,367,1.52,-0.19,351.79,0.22,15.0,125.0,0,0,87.0,87.0,778,778,3000,115,1
1.15,158.0,153.0,13.5,330,1.37,-0.25,351.37,0.21,15.0,125.0,0,0,87.2,87.2,778,778,3000,116,1
1.20,158.1,153.1,13.8,293,1.23,-0.31,350.97,0.21,15.0,125.0,0,0,87.5,87.5,779,779,3000,115,1
1.25,158.3,153.3,14.0,258,1.11,-0.37,350.58,0.23,15.0,125.0,0,0,87.7,87.7,780,780,3000,115,1
1.30,158.4,153.4,14.2,226,1.00,-0.41,350.19,0.24,15.0,125.0,0,0,87.9,88.0,780,780,3000,115,1
1.35,158.5,153.5,14.4,198,0.91,-0.46,349.80,0.26,15.0,125.0,0,0,88.2,88.2,781,781,3000,114,1
1.40,158.7,153.7,14.5,172,0.83,-0.50,349.42,0.29,15.0,125.0,0,0,88.4,88.5,781,781,3000,114,1
1.45,158.8,153.8,14.7,151,0.76,-0.53,349.04,0.31,15.0,125.0,0,0,88.7,88.7,782,782,3000,115,1
1.50,158.9,153.9,14.8,132,0.70,-0.57,348.66,0.33,15.0,125.0,0,0,88.9,89.0,782,783,3000,116,1
1.55,159.1,154.1,14.9,116,0.65,-0.60,348.28,0.34,15.0,125.0,0,0,89.2,89.2,783,783,3000,116,1
1.60,159.2,154.2,15.0,103,0.61,-0.64,347.91,0.36,15.0,125.0,0,0,89.4,89.5,783,784,3000,116,1
1.65,159.4,154.4,15.1,92,0.57,-0.67,347.55,0.37,15.0,125.0,0,0,89.7,89.7,784,784,3000,114,1
1.70,159.5,154.5,15.1,83,0.54,-0.69,347.19,0.38,15.0,125.0,0,0,89.9,90.0,784,785,3000,114,1
1.75,159.7,154.7,15.2,74,0.50,-0.69,346.85,0.38,15.0,125.0,0,0,90.2,90.2,785,785,3000,114,1
1.80,159.8,154.8,15.3,66,0.47,-0.68,346.51,0.38,15.0,125.0,0,0,90.4,90.5,785,785,3000,116,1
1.85,160.0,155.0,15.3,59,0.44,-0.66,346.19,0.38,15.0,125.0,0,0,90.6,90.7,786,786,3000,115,1
1.90,160.1,155.1,15.4,52,0.42,-0.63,345.88,0.38,15.0,125.0,0,0,90.9,90.9,786,786,3000,116,1
1.95,160.2,155.2,15.4,45,0.39,-0.60,345.59,0.37,15.0,125.0,0,0,91.1,91.2,787,787,3000,115,1
2.00,160.4,155.4,15.4,37,0.36,-0.55,345.31,0.36,15.0,125.0,0,0,91.3,91.4,787,787,3000,116,1
2.05,160.5,155.5,15.5,30,0.33,-0.50,345.04,0.35,15.0,125.0,0,0,91.6,91.6,787,788,3000,115,1
2.10,160.7,155.7,15.5,22,0.30,-0.43,344.79,0.33,15.0,125.0,0,0,91.8,91.9,788,788,3000,116,1
2.15,160.8,155.8,15.5,13,0.27,-0.35,344.55,0.32,15.0,125.0,0,0,92.0,92.1,788,788,3000,114,1
2.20,160.9,155.9,15.5,5,0.25,-0.26,344.32,0.30,15.0,125.0,0,0,92.2,92.3,788,789,3000,116,1
2.25,161.1,156.1,15.5,-5,0.22,-0.16,344.10,0.28,15.0,125.0,0,0,92.4,92.5,789,789,3000,115,1
2.30,161.2,156.2,15.5,-14,0.19,-0.03,343.90,0.26,15.0,125.0,0,0,92.6,92.7,789,789,3000,116,1
2.35,161.3,156.3,15.5,-25,0.17,0.11,343.70,0.24,15.0,125.0,0,0,92.8,92.9,789,790,3000,115,1
2.40,161.4,156.4,15.5,-36,0.15,0.27,343.52,0.21,15.0,125.0,0,0,93.0,93.1,790,790,3000,116,1
2.45,161.5,156.5,15.4,-47,0.13,0.45,343.34,0.19,15.0,125.0,0,0,93.2,93.3,790,790,3000,114,1
2.50,161.6,156.7,15.4,-60,0.11,0.66,343.16,0.16,15.0,125.0,0,0,93.4,93.5,790,791,3000,114,1
2.55,161.7,156.8,15.4,-73,0.09,0.89,342.99,0.12,15.0,125.0,0,0,93.6,93.7,791,791,3000,114,1
2.60,161.8,156.8,15.3,-86,0.08,1.15,342.83,0.09,15.0,125.0,0,0,93.8,93.9,791,791,3000,116,1
2.65,161.9,156.9,15.2,-101,0.06,1.45,342.67,0.05,15.0,125.0,0,0,93.9,94.0,791,791,3000,115,1
2.70,162.0,157.0,15.1,-116,0.05,1.77,342.51,0.01,15.0,125.0,0,0,94.1,94.2,791,792,3000,114,1
2.75,162.1,157.1,15.0,-132,0.05,2.13,342.35,-0.03,15.0,125.0,0,0,94.3,94.4,792,792,3000,114,1
2.80,162.1,157.1,14.9,-149,0.04,2.52,342.20,-0.08,15.0,125.0,0,0,94.4,94.6,792,792,3000,115,1
2.85,162.2,157.2,14.8,-166,0.04,2.96,342.04,-0.13,15.0,125.0,0,0,94.6,94.7,792,792,3000,116,1
2.90,162.2,157.2,14.6,-186,0.05,3.44,341.88,-0.17,15.0,125.0,0,0,94.8,94.9,792,793,3000,116,1
2.95,162.2,157.2,14.5,-205,0.07,3.97,341.78,-0.22,15.0,125.0,0,0,94.9,95.0,793,793,3000,114,1
3.00,162.2,157.2,14.3,-223,0.08,4.55,341.71,-0.26,15.0,125.0,0,0,95.1,95.2,793,793,3000,115,1
3.05,162.2,157.2,14.1,-240,0.10,5.17,341.62,-0.33,15.0,125.0,0,0,95.2,95.3,793,793,3000,115,1
3.10,162.2,157.2,13.9,-259,0.12,5.84,341.49,-0.40,15.0,125.0,0,0,95.3,95.5,793,794,3000,115,1
3.15,162.2,157.2,13.7,-279,0.14,6.56,341.34,-0.47,15.0,125.0,0,0,95.5,95.6,794,794,3000,114,1
3.20,162.1,157.2,13.5,-299,0.17,7.33,341.17,-0.53,15.0,125.0,0,0,95.6,95.7,794,794,3000,115,1
3.25,162.1,157.1,13.2,-319,0.20,8.16,340.97,-0.60,15.0,125.0,0,0,95.7,95.9,794,794,3000,116,1
3.30,162.0,157.0,12.9,-339,0.24,9.04,340.76,-0.67,15.0,125.0,0,0,95.9,96.0,794,794,3000,115,1
3.35,161.9,157.0,12.7,-359,0.29,9.99,340.54,-0.75,15.0,125.0,0,0,96.0,96.1,794,795,3000,116,1
3.40,161.8,156.9,12.4,-359,0.35,11.00,340.30,-0.82,15.0,125.0,0,0,96.1,96.2,795,795,3000,115,1
3.45,161.8,156.8,12.1,-289,0.42,11.94,340.05,-1.21,15.0,125.0,0,0,96.2,96.3,795,795,3000,116,1
3.50,161.7,156.8,11.9,-231,0.51,12.68,339.80,-1.49,15.0,125.0,0,0,96.3,96.5,795,795,3000,116,1
3.55,161.7,156.8,11.7,-182,0.61,13.26,339.54,-1.69,15.0,125.0,0,0,96.5,96.6,795,795,3000,114,1
3.60,161.7,156.7,11.6,-141,0.72,13.70,339.30,-1.82,15.0,125.0,0,0,96.6,96.7,795,795,3000,116,1
3.65,161.7,156.8,11.5,-108,0.84,14.03,339.07,-1.90,15.0,125.0,0,0,96.7,96.8,795,796,3000,115,1
3.70,161.7,156.8,11.4,-79,0.95,14.27,338.85,-1.94,15.0,125.0,0,0,96.8,96.9,796,796,3000,115,1
3.75,161.8,156.8,11.4,-56,1.06,14.42,338.65,-1.94,15.0,125.0,0,0,96.9,97.0,796,796,3000,115,1
3.80,161.8,156.9,11.3,-36,1.17,14.51,338.47,-1.91,15.0,125.0,0,0,97.0,97.1,796,796,3000,114,1
3.85,161.8,156.9,11.3,-25,1.28,14.55,338.29,-1.86,15.0,125.0,0,0,97.1,97.2,796,796,3000,116,1
3.90,161.9,157.0,11.3,-23,1.46,14.58,338.44,-1.60,15.0,125.0,0,0,97.2,97.3,796,796,3000,114,1
3.95,161.9,157.0,11.2,-17,1.58,14.60,338.79,-1.37,15.0,125.0,0,0,97.2,97.3,796,796,3000,116,1
4.00,162.0,157.1,11.2,-12,1.71,14.62,339.32,-1.07,15.0,125.0,0,0,97.3,97.4,796,797,3000,115,1
4.05,162.1,157.2,11.2,-23,1.83,14.61,339.88,-0.79,15.0,125.0,0,0,97.4,97.5,796,797,3000,114,1
4.10,162.2,157.2,11.2,-51,1.86,14.68,340.34,-0.39,15.0,125.0,0,0,97.5,97.6,797,797,3000,116,1
4.15,162.2,157.3,11.1,-45,1.90,14.80,340.55,-0.24,15.0,125.0,0,0,97.6,97.7,797,797,3000,115,1
4.20,162.3,157.4,11.1,-29,1.94,14.89,340.60,-0.19,15.0,125.0,0,0,97.7,97.8,797,797,3000,114,1
4.25,162.4,157.5,11.1,-12,1.98,14.92,340.54,-0.16,15.0,125.0,0,0,97.7,97.8,797,797,3000,115,1
4.30,162.5,157.6,11.1,4,2.03,14.91,340.43,-0.15,15.0,125.0,0,0,97.8,97.9,797,797,3000,114,1
4.35,162.7,157.8,11.1,19,2.07,14.85,340.29,-0.13,15.0,125.0,0,0,97.9,98.0,797,797,3000,114,1
4.40,162.8,157.9,11.1,33,2.11,14.74,340.13,-0.12,15.0,125.0,0,0,97.9,98.0,797,797,3000,115,1
4.45,162.9,158.0,11.1,45,2.15,14.60,339.95,-0.10,15.0,125.0,0,0,98.0,98.1,797,797,3000,115,1
4.50,163.0,158.1,11.2,57,2.18,14.42,339.76,-0.09,15.0,125.0,0,0,98.1,98.2,797,798,3000,116,1
4.55,163.1,158.3,11.2,67,2.21,14.21,339.55,-0.07,15.0,125.0,0,0,98.1,98.2,798,798,3000,115,1
4.60,163.3,158.4,11.3,76,2.24,13.97,339.34,-0.06,15.0,125.0,0,0,98.2,98.3,798,798,3000,114,1
4.65,163.4,158.5,11.4,84,2.26,13.71,339.13,-0.04,15.0,125.0,0,0,98.3,98.4,798,798,3000,116,1
4.70,163.5,158.7,11.4,91,2.28,13.43,338.92,-0.03,15.0,125.0,0,0,98.3,98.4,798,798,3000,116,1
4.75,163.7,158.8,11.5,98,2.29,13.12,338.71,-0.01,15.0,125.0,0,0,98.4,98.5,798,798,3000,116,1
4.80,163.8,159.0,11.6,104,2.30,12.80,338.51,0.01,15.0,125.0,0,0,98.4,98.5,798,798,3000,114,1
4.85,164.0,159.1,11.7,110,2.31,12.47,338.31,0.03,15.0,125.0,0,0,98.5,98.6,798,798,3000,115,1
4.90,164.1,159.3,11.8,116,2.31,12.12,338.12,0.05,15.0,125.0,0,0,98.5,98.6,798,798,3000,115,1
4.95,164.3,159.4,11.9,121,2.31,11.76,337.93,0.07,15.0,125.0,0,0,98.6,98.7,798,798,3000,115,1
5.00,164.3,159.4,12.0,122,2.31,11.37,337.13,0.02,15.0,125.0,0,0,98.1,98.7,798,798,3000,116,1
5.05,164.3,159.5,12.0,102,2.32,10.95,335.13,-0.19,15.0,125.0,0,0,97.6,98.8,798,798,3000,115,1
5.10,164.4,159.5,12.1,53,2.32,10.60,332.36,-0.45,15.0,125.0,0,0,97.1,98.8,798,799,3000,115,1
5.15,164.3,159.5,12.1,-23,2.32,10.40,329.11,-0.73,15.0,125.0,0,0,96.6,98.9,798,799,3000,115,1
5.20,164.2,159.4,12.1,-64,2.41,10.43,325.81,-1.07,15.0,125.0,0,0,96.2,98.9,798,799,3000,114,1
5.25,164.1,159.2,12.0,-74,2.50,10.54,322.76,-1.56,15.0,125.0,0,0,95.7,98.9,798,799,3000,115,1
5.30,163.9,159.0,11.9,-89,2.63,10.68,320.07,-2.00,15.0,125.0,0,0,95.2,99.0,798,799,3000,115,1
5.35,163.6,158.8,11.8,-107,2.76,10.88,317.81,-2.36,15.0,125.0,0,0,94.7,99.0,798,799,3000,114,1
5.40,163.2,158.4,11.7,-125,2.91,11.14,315.96,-2.68,15.0,125.0,0,0,94.3,99.1,798,799,3000,115,1
5.45,162.9,158.0,11.6,-142,3.05,11.46,314.50,-2.94,15.0,125.0,0,0,93.8,99.1,798,799,3000,115,1
5.50,162.4,157.6,11.5,-158,3.21,11.84,313.39,-3.17,15.0,125.0,0,0,93.3,99.1,798,799,3000,114,1
5.55,162.0,157.2,11.4,-171,3.35,12.27,312.59,-3.36,15.0,125.0,0,0,92.8,99.2,798,799,3000,115,1
5.60,161.5,156.7,11.2,-182,3.50,12.73,312.06,-3.52,15.0,125.0,0,0,92.4,99.2,798,799,3000,115,1
5.65,161.0,156.2,11.1,-190,3.65,13.24,311.77,-3.64,15.0,125.0,0,0,91.9,99.2,798,799,3000,115,1
5.70,160.4,155.7,10.9,-196,3.79,13.77,311.67,-3.72,15.0,125.0,0,0,91.5,99.3,798,799,3000,115,1
5.75,159.9,155.2,10.8,-198,3.93,14.32,311.72,-3.77,15.0,125.0,0,0,91.0,99.3,798,799,3000,114,1
5.80,159.4,154.6,10.6,-198,4.07,14.88,311.91,-3.79,15.0,125.0,0,0,90.6,99.3,798,799,3000,115,1
5.85,158.9,154.1,10.5,-195,4.20,15.45,312.18,-3.78,15.0,125.0,0,0,90.1,99.4,798,799,3000,115,1
5.90,158.4,153.6,10.3,-190,4.32,16.00,312.51,-3.74,15.0,125.0,0,0,89.7,99.4,798,799,3000,114,1
5.95,157.9,153.2,10.2,-183,4.44,16.55,312.87,-3.68,15.0,125.0,0,0,89.2,99.4,798,799,3000,116,1
6.00,157.4,152.7,10.0,-132,4.24,17.00,312.57,-4.09,15.0,125.0,0,0,88.8,99.4,798,799,3000,116,1
6.05,157.0,152.3,10.0,-81,3.95,17.23,310.15,-5.37,15.0,125.0,0,0,88.3,99.5,798,799,3000,115,1
6.10,156.7,152.0,9.9,-46,3.64,17.30,305.96,-7.27,15.0,125.0,0,0,87.9,99.5,798,799,3000,116,1
6.15,156.3,151.6,9.9,-27,3.39,17.27,300.49,-9.78,15.0,125.0,0,0,87.4,99.5,798,800,3000,115,1
6.20,155.9,151.2,9.9,-25,3.15,17.26,294.21,-12.90,15.0,125.0,0,0,87.0,99.5,798,800,3000,114,1
6.25,155.4,150.7,9.9,-40,2.97,17.30,287.46,-16.86,15.0,125.0,0,0,86.6,99.6,798,800,3000,114,1
6.30,154.8,150.2,9.8,-80,2.81,17.55,280.54,-21.92,15.0,125.0,0,0,86.1,99.6,798,800,3000,115,1
6.35,154.0,149.4,9.8,-146,2.70,18.08,273.62,-28.72,15.0,125.0,0,0,85.7,99.6,798,800,3000,114,1
6.40,153.1,148.5,9.6,-229,2.63,19.03,266.88,-37.92,15.0,125.0,0,0,85.3,99.6,798,800,3000,115,1
6.45,152.0,147.4,9.5,-303,2.63,20.34,260.52,-49.76,15.0,125.0,0,0,84.9,99.7,798,800,3000,115,1
6.50,150.7,146.2,9.3,-341,2.71,21.90,254.86,-62.57,15.0,125.0,0,0,84.4,99.7,798,800,3000,114,1
6.55,149.4,144.9,9.0,-334,2.85,23.48,250.14,-73.45,15.0,125.0,0,0,84.0,99.7,798,800,3000,115,1
6.60,148.1,143.6,8.9,-290,3.01,24.97,246.38,-80.79,15.0,125.0,0,0,83.6,99.7,798,800,3000,115,1
6.65,146.8,142.4,8.7,-222,3.18,26.14,243.35,-85.12,15.0,125.0,0,0,83.2,99.7,798,800,3000,116,1
6.70,144.8,140.5,8.6,-257,3.99,27.08,241.21,-87.53,15.0,125.0,0,0,82.8,99.8,798,800,3000,116,1
6.75,141.7,137.4,8.4,-336,8.67,29.46,245.69,-78.01,15.0,125.0,0,0,82.3,99.8,798,800,3000,114,1
6.80,139.1,134.9,8.1,-392,12.78,30.86,256.10,-56.55,15.0,125.0,0,0,81.9,99.8,798,800,3000,115,1
6.85,137.6,133.5,7.7,-471,14.50,32.46,269.23,-33.14,15.0,125.0,0,0,81.5,99.8,798,800,3000,115,1
6.90,136.7,132.7,7.4,-511,13.18,33.07,281.88,-17.85,15.0,125.0,0,0,81.1,99.8,798,800,3000,116,1
6.95,136.4,132.4,7.1,-540,9.24,33.24,292.34,-10.27,15.0,125.0,0,0,80.7,99.8,798,800,3000,115,1
7.00,135.7,131.8,6.7,-377,8.86,34.74,298.12,-7.03,15.0,125.0,0,0,80.3,99.9,798,800,3000,115,1
7.05,135.3,131.3,7.1,2984,8.34,0.00,299.51,-5.53,15.0,125.0,0,0,79.9,99.9,798,800,3000,115,1
7.10,135.1,131.2,9.6,2900,6.44,-0.29,298.80,-6.55,15.0,125.0,0,0,79.5,99.9,798,800,3000,115,1
7.15,135.0,131.1,12.0,2812,3.56,-0.64,296.72,-8.99,15.0,125.0,0,0,79.1,99.9,798,800,3000,115,1
7.20,134.9,131.0,14.4,2712,0.74,-0.80,293.38,-11.58,15.0,125.0,0,0,78.7,99.9,798,800,3000,116,1
7.25,134.8,130.9,16.7,2600,-2.00,-0.69,289.18,-14.34,15.0,125.0,0,0,78.3,99.9,798,800,3000,116,1
7.30,134.7,130.8,18.9,2474,-4.66,-0.21,284.40,-17.38,15.0,125.0,0,0,77.9,99.9,798,800,3000,114,1
7.35,134.6,130.7,21.0,2330,-7.21,0.65,279.23,-20.83,15.0,125.0,0,0,77.5,99.9,798,800,3000,115,1
7.40,134.5,130.6,22.9,2161,-9.63,1.95,273.80,-24.90,15.0,125.0,0,0,77.2,100.0,798,800,3000,115,1
7.45,134.4,130.4,24.8,1968,-11.91,3.67,268.22,-29.79,15.0,125.0,0,0,76.8,100.0,798,800,3000,115,1
7.50,134.2,130.3,26.4,1750,-14.00,5.72,262.57,-35.64,15.0,125.0,0,0,76.4,100.0,798,800,3000,115,1
7.55,134.0,130.1,27.8,1511,-15.87,7.96,256.96,-42.47,15.0,125.0,0,0,76.0,100.0,798,800,3000,114,1
7.60,133.8,129.9,29.1,1260,-17.48,10.20,251.50,-50.05,15.0,125.0,0,0,75.6,100.0,798,800,3000,115,1
7.65,133.6,129.7,30.1,1004,-18.77,12.22,246.31,-57.95,15.0,125.0,0,0,75.3,100.0,798,800,3000,116,1
7.70,133.4,129.5,30.9,748,-19.57,13.99,241.44,-65.81,15.0,125.0,0,0,74.9,100.0,798,800,3000,114,1
7.75,133.2,129.3,31.5,497,-19.56,17.85,237.27,-73.87,15.0,125.0,0,0,74.5,100.0,798,800,3000,115,0
7.80,133.0,129.3,32.0,262,-17.57,24.52,236.00,-77.86,15.0,125.0,0,0,74.1,100.0,798,800,3000,115,0
7.85,132.9,129.2,32.1,41,-14.20,25.69,236.99,-74.19,15.0,125.0,0,0,73.8,100.1,798,800,3000,116,0
7.90,132.8,129.1,31.9,-172,-10.17,22.88,239.11,-65.69,15.0,125.0,0,0,73.4,100.1,798,800,3000,115,0
7.95,132.8,129.2,31.5,-388,-6.14,17.75,241.53,-52.10,15.0,125.0,0,0,73.0,100.1,798,800,3000,115,0
8.00,132.9,129.3,30.8,-602,-2.86,11.43,243.84,-32.15,15.0,125.0,0,0,72.7,100.1,798,800,3000,115,0
8.05,132.9,129.3,30.0,-744,-1.21,5.77,245.94,-10.93,15.0,125.0,0,0,72.3,100.1,798,800,3000,114,0
8.10,132.8,129.3,29.2,-818,-1.72,2.30,248.00,0.70,15.0,125.0,0,0,71.9,100.1,798,800,3000,115,0
8.15,132.7,129.2,28.5,-867,-4.20,0.23,250.11,4.12,15.0,125.0,0,0,71.6,100.1,798,800,3000,116,0
8.20,132.6,129.1,27.7,-915,-8.05,-1.44,252.27,3.74,15.0,125.0,0,0,71.2,100.1,798,800,3000,116,0
8.25,132.5,129.0,27.0,-971,-12.67,-3.26,254.49,2.08,15.0,125.0,0,0,70.9,100.1,798,800,3000,115,0
8.30,132.2,128.7,26.2,-997,-14.02,-3.11,253.68,0.62,15.0,125.0,0,0,70.5,100.1,798,800,3000,114,1
8.35,132.1,128.6,25.3,-1029,-13.38,-1.83,249.01,1.26,15.0,125.0,0,0,70.2,100.1,798,800,3000,115,1
8.40,132.0,128.5,24.5,-1007,-12.66,-0.74,242.42,3.15,15.0,125.0,0,0,69.8,100.1,798,800,3000,115,1
8.45,131.9,128.5,23.7,-1034,-11.92,-0.13,234.57,10.26,15.0,125.0,0,0,69.5,100.1,798,800,3000,114,1
8.50,131.9,128.4,22.8,-1015,-11.23,-0.81,225.75,47.32,15.0,125.0,1,1,69.1,100.1,798,800,3000,114,1
8.55,132.0,128.7,21.7,-1214,-10.71,-7.16,215.62,110.03,15.0,125.0,1,1,68.8,100.2,798,800,3000,115,1
8.60,132.8,129.6,20.0,-1603,-11.05,-18.90,204.18,117.47,15.0,125.0,1,1,68.4,100.2,798,800,3000,114,1
8.65,133.2,130.2,18.1,-1960,-12.40,-29.61,190.75,122.04,15.0,125.0,1,1,68.1,100.2,798,800,3000,116,1
8.70,131.1,128.1,16.4,-2196,-12.87,-27.58,185.33,126.20,15.0,125.0,1,1,67.7,100.2,798,800,3000,115,1
8.75,129.8,126.9,14.7,-2582,-11.72,-19.11,178.85,133.37,15.0,125.0,1,1,67.4,100.2,798,800,3000,116,1
8.80,128.4,125.6,12.6,-3018,-9.71,-9.78,172.43,141.05,15.0,125.0,1,1,67.1,100.2,798,800,3000,115,1
8.85,123.4,120.7,10.3,-3095,-10.06,-2.52,167.82,148.13,15.0,125.0,1,1,66.7,100.2,798,800,3000,116,1
8.90,118.7,115.8,7.8,-3092,-10.85,5.03,164.63,152.08,15.0,125.0,1,1,66.4,100.2,798,800,3000,114,1
8.95,116.0,113.1,6.4,-3096,-10.45,11.39,162.74,152.08,15.0,125.0,1,1,66.2,100.2,798,800,3000,116,1