Flight Routes for International Flights to Mainland of China Nr2605 (EFF202605131600UTC),,
Route Code,Departure AD,Fly along,
AGAVO-ZBAA-01,CYMX CYUL CYVR CYYC CYYZ KBFI KBOS KBWI KDAL KDCA KDET KDFW KDTW KEWR KIAD KJFK KLAS KLAX KLGA KMDW KMEM KORD KPAE KSEA KSFO KSJC KYIP MMTJ NZAA PAED PANC PGSN PGUA PGUM PHNL RJAA RJBB RJCA RJCC RJCH RJCO RJEC RJFF RJGG RJNA RJOO RJTT RJTY RKJB RKJJ RKPC RKPK RKSI RKSM RKSS RKTN RKTU ROAH RONA RPLL RPMM YMML YSSY,AGAVO A591 IKEKA W4 HCH W200 DOVIV W55 DUMAP,
AGAVO-ZBAD-01,KDAL KDFW PGSN RJAA RJBB RJCC RJCO RJFF RJGG RJNA RJOO RJTT RJTY RKPC RKPK RKSI RKSM RKSS,AGAVO A591 IKEKA W4 HCH W200 DOVIV W55 DUMAP,
AGAVO-ZBDS-01,RJBB RJOO,AGAVO A591 IKEKA W4 HCH W200 DOVIV W55 PAMRU W34 VYK B215 APOGO W218 YLX,
AGAVO-ZBHH-01,RJBB RJGG RJNA RJOO RKPC RKSI RKSM RKSS,AGAVO A591 IKEKA W4 HCH W200 DOVIV W55 PAMRU W34 VYK B215 AGVUR B208 TODAM,
AGAVO-ZBOW-01,RJAA RJBB RJOO RJTT RJTY RKPC,AGAVO A591 IKEKA W4 HCH W200 DOVIV W55 PAMRU W34 VYK B215 APOGO W218 YLX W193 ALGOV,
AGAVO-ZBSJ-01,RJAA RJBB RJFS RJGG RJNA RJNS RJOO RJTT RJTY RKPC RKPK RKSI RKSM RKSS RKTU,AGAVO A591 IKEKA W4 HCH W200 DOVIV W55 PAMRU W34 VYK B215 IDGIS,
AGAVO-ZBTJ-01,KLAX NZAA PAED PANC PGSN PGUA PGUM RJAA RJAH RJBB RJBD RJCA RJCB RJCC RJCH RJCO RJEC RJFF RJFR RJFS RJFU RJGG RJNA RJNS RJNT RJOO RJSA RJTT RJTY RKJB RKNW RKNY RKPC RKPK RKPS RKSI RKSM RKSS RKTN ROAH RONA YSSY,AGAVO A591 IKEKA W4 HCH W200 DOVIV W55 DUMAP,
AGAVO-ZBYN-01,RJAA RJBB RJNS RJOO RJSN RJTT RJTY RKJB RKPC RKSI RKSM RKSS,AGAVO A591 IKEKA W4 HCH W200 DOVIV W55 PAMRU W34 VYK B215 TOKUD,
AGAVO-ZGHA-01,RKSI RKSM RKSS,AGAVO A591 IKEKA W4 IPNIT W37 GUSIV,
AGAVO-ZHCC-01,CYVR KLAX PAED PANC RJBB RJOO RKSI RKSM RKSS RKTN,AGAVO A591 IKEKA W4 TAMIX B208 NOPIN,
AGAVO-ZHEC-01,RKSI RKSM RKSS,AGAVO A591 IKEKA W4 IPNIT W37 ENLAB,
AGAVO-ZHHH-01,RKSI RKSM RKSS,AGAVO A591 IKEKA W4 IPNIT W37 PONUD,
AGAVO-ZLIC-01,RJBB RJOO RKSI RKSM RKSS,AGAVO A591 IKEKA W4 HCH W200 DOVIV W55 PAMRU W34 VYK B215 APOGO W218 TUTGO W220 NIRUV B215 YHD,
AGAVO-ZLXY-01,PGSN RJAA RJBB RJCA RJCB RJCC RJCH RJCO RJEC RJFR RJGG RJNA RJNS RJOO RJSA RJTT RJTY RKNY RKPC RKPK RKSI RKSM RKSS,AGAVO A591 IKEKA W4 HCH W200 DOVIV W55 PAMRU W34 VYK B215 KAPDO W276 LOVRA,
AGAVO-ZPPP-01,RKSI RKSM RKSS,AGAVO A591 IKEKA W4 IPNIT W37 DUBAS R343 WHA A581 QNX W136 XISLI,
AGAVO-ZSJN-01,KLAX KSJC RJAA RJBB RJCC RJCO RJGG RJNA RJNS RJOO RJTT RJTY RKPC RKSI RKSM RKSS RKTN YSSY,AGAVO A591 IKEKA W4 BASOV,
AGAVO-ZSNJ-01,RKSI RKSM RKSS,AGAVO W209 OMLIB A326 IKADI W113 YCH W177 HUN W525 LAGAL W178 OF,
AGAVO-ZSNJ-02,RKPC RKPK RKSI RKSM RKSS,AGAVO W209 OMLIB A326 IKADI W113 YCH W185 OF,
AGAVO-ZSPD-01,KLAX PAED PANC RKSI RKSM RKSS,AGAVO W209 OMLIB A326 AKARA A593 PUD,
AGAVO-ZSPD-02,RKSI RKSM RKSS,AGAVO W209 OMLIB A326 IKADI W113 SOSMA W108 MATNU W115 PINOT,
AGAVO-ZSQD-01,CYVR CYYZ KLAX KSFO PAED PANC RJAA RJBB RJCH RJFF RJGG RJNA RJOO RJTT RJTY RKPC RKPK RKSI RKSM RKSS RKTN RKTU,AGAVO W209 LATUX,
AGAVO-ZSWH-01,RKSI RKSM RKSS,AGAVO A591 IKEKA W4 WEH,
AGAVO-ZSXZ-01,RKSI RKSM RKSS,AGAVO W209 OMLIB A326 IKADI W113 YCH W177 OMUDI W125 DO,
AGAVO-ZSYA-01,RKSI RKSM RKSS,AGAVO W209 OMLIB A326 IKADI W113 YCH W185 NIXEM,
AGAVO-ZSYN-01,RKSI RKSM RKSS,AGAVO W209 OMLIB A326 IKADI W113 YCH,
AGAVO-ZSYT-01,KLAX RJAA RJBB RJCC RJCO RJFF RJGG RJNA RJNS RJOO RJTT RJTY RKNY RKPC RKPK RKSI RKSM RKSS RKTN RKTU,AGAVO A591 IKEKA W4 FZ,
AGAVO-ZUCK-01,KEWR KJFK KLGA RKSI RKSM RKSS,AGAVO A591 IKEKA W4 LIMGI W152 URGOD W278 AVDIG W666 VINEX,
AGAVO-ZUGY-01,RKSI RKSM RKSS,AGAVO A591 IKEKA W4 IPNIT W37 DUBAS R343 WHA A581 HUY W183 TRN W680 UBGUP,
AGAVO-ZUTF-01,RKSI RKSM RKSS,AGAVO A591 IKEKA W4 HCH W200 DOVIV W55 PAMRU W34 VYK B215 KAPDO W276 ANRUG W279 ONEBA G212 BUPMI,
AGAVO-ZUTF-02,KEWR KJFK KLGA KMDW KORD RKSI RKSM RKSS,AGAVO A591 IKEKA W4 LIMGI W152 BUBDU W276 ANRUG W279 ONEBA G212 BUPMI,
AGAVO-ZUUU-01,RKSI RKSM RKSS,AGAVO A591 IKEKA W4 HCH W200 DOVIV W55 PAMRU W34 VYK B215 KAPDO W276 ANRUG W279 ONEBA G212 SUBUL W230 AKDIK,
AGAVO-ZUUU-02,RJAA RJBB RJOO RJTT RJTY RKSI RKSM RKSS RKTU,AGAVO A591 IKEKA W4 LIMGI W152 BUBDU W276 ANRUG W279 ONEBA G212 SUBUL W230 AKDIK,
AGAVO-ZYCC-01,RJAA RJAH RJBB RJFF RJFO RJGG RJNA RJOO RJTT RJTY RKPC RKPK RKSI RKSM RKSS RKTN RKTU,AGAVO G597 DONVO A326 SANKO W107 CHI A588 LEMOT,
AGAVO-ZYHB-01,RJAA RJBB RJGG RJNA RJOO RJSN RJTT RJTY RKNY RKPC RKPK RKSI RKSM RKSS RKTN RKTU,AGAVO G597 DONVO A326 SANKO W107 CHI A588 NULRA W206 MAGBI W656 ISLUK W629 LARUN,
AGAVO-ZYJM-01,RKSI RKSM RKSS,AGAVO G597 DONVO A326 SANKO W107 CHI A588 HRB G212 JMU,
AGAVO-ZYTL-01,RJAA RJAH RJBB RJCC RJCO RJFF RJFK RJFR RJGG RJNA RJNS RJNT RJOA RJOB RJOO RJSS RJTT RJTY RKNY RKPC RKPK RKSI RKSM RKSS RKTU,AGAVO G597 DONVO A326 SANKO W579 RUPID,
AGAVO-ZYTX-01,KLAX RJAA RJAH RJBB RJCC RJCO RJFF RJFO RJFR RJFS RJGG RJNA RJNS RJOO RJOT RJTT RJTY RKJB RKJJ RKNY RKPC RKPK RKSI RKSM RKSS RKTN RKTU ROAH RONA,AGAVO G597 DONVO A326 SANKO W107 CHI A588 TOSID,
AGVUT-ZBAA-01R,UTDD,AGVUT L181 DSC B215 FKG W188 LIKMI W270 DKO W69 GUVBA,
AGVUT-ZBAA-02R,UTDD,AGVUT L181 DSC B215 MAGIV W187 DNH W621 NIXUK W271 BOTKI W270 DKO W69 GUVBA,
AGVUT-ZGGG-01R,UTDD,AGVUT L181 DSC B215 FKG W192 ESDEX W191 DNC W565 BIGUX B330 KWE W181 DUDIT A599 GYA,
AGVUT-ZGGG-02R,HECA LFAT LFPB LFPG LFPO LTBA LTFJ LTFM OMDB OMDW UTDD,AGVUT L181 DSC B215 MAGIV W187 TUSLI W112 VIKUP W191 DNC W565 BIGUX B330 KWE W181 DUDIT A599 GYA,
AGVUT-ZGSZ-01R,EGAE EGGW EGKK EGLL EGSS LFAT LFPB LFPG LFPO LTBA LTFJ LTFM OMDB OMDW UTDD,AGVUT L181 DSC B215 MAGIV W187 TUSLI W112 VIKUP W191 DNC W565 BIGUX B330 KWE W181 DUDIT A599 POU W7 SAREX,
AGVUT-ZLXY-01R,UTDD,AGVUT L181 DSC B215 MAGIV W187 TUSLI W112 VIKUP W191 DNC W565 BIGUX W214 HO,
AGVUT-ZUTF-01R,EGAE EGGW EGKK EGLL EGSS HECA LFAT LFPB LFPG LFPO LTBA LTFJ LTFM OMDB OMDW UTDD,AGVUT L181 DSC B215 MAGIV W187 TUSLI W112 VIKUP W191 DNC W565 BIGUX B330 MEXAD,
AGVUT-ZWWW-01R,UTDD,AGVUT L181 DSC B215 EPDAG,
APITO-ZSPD-01,PGSN,APITO A326 AKARA A593 PUD,
ASSAD-ZGGG-01,FIMP FMEE HKJK VCBI VCCC VDPP VDTI VLPS VTBD VTBS VTSG VTSM VVNB,ASSAD A202 SIKOU TAMOT W68 IDUMA,
ASSAD-ZGSZ-01,FIMP VDSV VLVT VOMM VRMM VTBD VTBS VTBU VTCA VTCC VTCT VTSB VTSG VTSP WMKP,ASSAD A202 SIKOU LANDA,
ASSAD-ZGSZ-02,FAOR VDPP VDTI VOBG VOBL VOMM VTBD VTBS VTSP VVTS WMKK,ASSAD A202 AGPOR W71 LH R200 BIGRO W552 LOVTA,
ASSAD-ZGZJ-01,VDSV VTBD VTBS VVCR,ASSAD A202 AGPOR W71 LH,
ASSAD-ZJHK-01,OEJN OIIE OIII OMAA OMAD OMDB OMDW UGTB VDPP VDSV VDTI VLLB VLVT VTBD VTBS VTBU VTCA VTCC VTCT VVCI VVTS VYMD VYNT VYYY WBGG WIHH WIII WMKK WMKL WMKP WSAP WSSL WSSS,ASSAD A202 SAMAS MLT,
ASSAD-ZSAM-01,VRMM VTBD VTBS VTCC VTSG VTSP VYYY,ASSAD A202 AGPOR W71 LH R200 BEBEM A470 TEBON,
ASSAD-ZSFZ-01,VLVT VTBD VTBS VTSG VTSP,ASSAD A202 AGPOR W71 LH R200 BEBEM A470 ENVEN,
ASSAD-ZSHC-01,VRMM VTBD VTBS VTSP,ASSAD A202 AGPOR W71 LH R200 BEBEM A470 UGAGO,
ASSAD-ZSNB-01,VDPP VDTI VTBD VTBS VTBU VTSB VTSG VTSP,ASSAD A202 AGPOR W71 LH R200 BEBEM A470 LJG B221 SHZ,
ASSAD-ZSWZ-01,VLVT VTBD VTBS VTSB VTSG,ASSAD A202 SIKOU MAGOG A470 LJG B221 MUDOD W76 UNRUP,
BEKOL-ZBAA-01,NZAA RPLC RPLL RPMM RPVK RPVM VDSA VVTS WADD WAMM WBKK WBSB WIDD WIHH WIII WMKJ WMKK WSAP WSSL WSSS YBBN YMML YSSY,BEKOL A461 BUBDA W56 DUGEB,
BEKOL-ZBAD-01,RPLL RPMM RPVK VVCR VVDN VVTS WADD WAMM WBKK WBSB WMKK WSAP WSSL WSSS,BEKOL A461 BUBDA W56 ORODO W62 TEKIL G212 BELAX,
BEKOL-ZBHH-01,VVCR VVDN,BEKOL A461 BUBDA W56 OBMEP B208 TODAM,
BEKOL-ZBSJ-01,VVCR,BEKOL A461 BUBDA W56 ORODO W62 AVLIS,
BEKOL-ZBTJ-01,NZAA RPLL RPMM RPVK RPVP VVCR WADD WAMM WBKK WMKK WSAP WSSL WSSS YSSY,BEKOL A461 BUBDA W56 GUVRI W85 OMDEK,
BEKOL-ZBYN-01,VVCR VVDN WADD WSAP WSSL WSSS,BEKOL A461 BUBDA W56 OBMEP B208 ANPIG,
BEKOL-ZGHA-01,NZAA PGSN RPLC RPLL RPMM RPVE RPVK RPVM VVCR VVDN VVTS WADD WADL WAMM WBKK WBSB WIDD WIHH WIII WMKJ WMKK WMKL WMKP WSAP WSSL WSSS YMML YSSY,BEKOL A461 MEXON,
BEKOL-ZGKL-01,WADD,BEKOL A461 SHL W22 TEPID W24 OSNOV G586 QP,
BEKOL-ZGSZ-01,RKSI RKSM RKSS RPVK RPVP VDPP VDTI VVCR VVPQ VVTS,BEKOL KEVAR,
BEKOL-ZHCC-01,RPLC RPLL RPMM RPVE RPVK VVCR VVPQ VVTS WADD WAMM WBKK WBSB WSAP WSSL WSSS YMML YSSY,BEKOL A461 BUBDA W56 IGMIG,
BEKOL-ZHEC-01,RPLC RPLL RPMM VVTS WMKK WSAP WSSL WSSS YMML YSSY,BEKOL A461 BUBDA W56 UPMAT,
BEKOL-ZHHH-01,RPLL RPMM RPVE RPVK RPVM VVCR VVDL VVDN VVPQ VVTS WADD WAMM WBKK WBSB WIDD WIHH WIII WMKK WSAP WSSL WSSS YBCG YMML YSSY,BEKOL A461 BUBDA W56 UPMAT,
BEKOL-ZLXY-01,WADD WAMM WBKK WBSB YSSY,BEKOL A461 SHL W22 TEPID W24 OSNOV G586 QP B330 ELKAL W179 WFX W81 APIMI W275 NSH,
BEKOL-ZLXY-02,NZAA RPLL RPMM RPVE RPVK RPVM WADD WBKK YMML YSSY,BEKOL A461 SHL W22 TEPID W24 OSNOV G586 QP B330 SJG W102 VELVI W698 IGEPA,
BEKOL-ZSCN-01,RPLL RPMM RPVE RPVK RPVM VDSV VVCR VVDN WADD WAMM WBKK WIDD WMKK WSAP WSSL WSSS,BEKOL A461 SHL W26 UPRIK W41 OMDUP G471 PLT W19 OSONO,
BEKOL-ZSHC-01,VDPP VDSA VDTI WADD WIHH WIII,BEKOL A461 SHL W26 UPRIK W41 OMDUP G471 PLT A599 ELNEX,
BEKOL-ZSJN-01,VVCR VVDN WADD WAMM WBKK YMML YSSY,BEKOL A461 BUBDA W56 VADMO W4 WXI W59 UBSIS,
BEKOL-ZSLY-01,VVCR,BEKOL A461 BUBDA W56 IDPOG A581 WHA R343 HFE W127 XUZ W125 DO W126 DPX A593 AVPEP,
BEKOL-ZSNJ-01,VDPP VDSA VDTI VVCR VVDN VVTS WADD WSAP WSSL WSSS,BEKOL A461 SHL W26 UPRIK W41 OMDUP G471 PLT A599 TUPGA W135 GOSRO,
BEKOL-ZSOF-01,VVCR VVDN WADD WAMM WMKK,BEKOL A461 BUBDA W56 IDPOG A581 WHA R343 MIDOX,
BEKOL-ZSPD-01,WADD WBKK WIHH WIII WSAP WSSL WSSS YPPH YSSY,BEKOL A461 SHL W26 UPRIK W41 OMDUP G471 PLT A599 ELNEX G204 SHZ W58 XSY,
BEKOL-ZSSH-01,VVCR VVDN,BEKOL A461 BUBDA W56 IDPOG A581 WHA R343 MADUK W73 NOBEM W95 OF W178 LAGAL W525 HUN,
BEKOL-ZSSS-01,VDPP VDSA VDTI VVTS WSAP WSSL WSSS,BEKOL A461 SHL W26 UPRIK W41 OMDUP G471 PLT A599 ELNEX G204 JTN,
BEKOL-ZSXZ-01,VVCR VVDN,BEKOL A461 SHL W26 UPRIK W41 OMDUP G471 PLT A599 TUPGA W135 DOGVI A470 DPX W126 DO,
BEKOL-ZSYA-01,VVCR,BEKOL A461 BUBDA W56 IDPOG A581 WHA R343 OLRIS G345 ZJ W184 PIMOL,
BEKOL-ZSYT-01,VVCR VVDN,BEKOL A461 BUBDA W56 VADMO W4 WXI W59 SUNOK W103 YQG W569 NOBUP W4 HCH,
BEKOL-ZUCK-01,NZAA PGSN RPLL RPMM RPVK RPVM WADD WAMM WBKK YBBN YMML YSSY,BEKOL A461 SHL W22 TEPID W24 OSNOV G586 QP B330 ELKAL W179 SUMUN W3 ASIPO W678 SEGDA,
BEKOL-ZUGY-01,RPVE RPVK RPVM WADD WBKK YMML YSSY,BEKOL A461 SHL W22 TEPID W24 OSNOV G586 QP B330 ELKAL,
BEKOL-ZUTF-01,RPLL RPMM RPVK WADD YMML YSSY,BEKOL A461 SHL W22 TEPID W24 OSNOV G586 QP B330 ELKAL W179 RIRKI W232 ELDUD,
BEKOL-ZUUU-01,NZAA PGSN RPLL RPMM RPVK RPVM VVNB WADD WADL WAMM WBKK WBKK WBSB YMML YSSY,BEKOL A461 SHL W22 TEPID W24 OSNOV G586 QP B330 ELKAL W179 IGNAK,
BEKOL-ZYCC-01,VVCR VVDN,BEKOL A461 BUBDA W56 VYK G212 SOTMU B339 HUR B334 TGO G341 BUTET,
BEKOL-ZYHB-01,VVCR VVDN WSAP WSSL WSSS,BEKOL A461 BUBDA W56 VYK G212 SOTMU B339 HUR B334 TGO G212 RUSBO W203 PIGAM,
BEKOL-ZYTL-01,VVCR,BEKOL A461 BUBDA W56 VADMO W4 WXI W59 SUNOK W103 YQG W569 NOBUP W4 HCH W173 NIXEP,
BEKOL-ZYTX-01,VVCR VVDN WADD WSAP WSSL WSSS,BEKOL A461 BUBDA W56 VYK W34 PAMRU W244 IGMOR W36 ENVAV W243 OTBUL W35 CHG A575 OMDUS,
BISUN-ZBAA-01,RJAA RJBB RJCC RJCO RJGG RJNA RJOO RJTT RJTY UHSS UHWW,BISUN B451 WQG G341 TGO G212 UKDUM W49 OSUBA,
BISUN-ZBAD-01,RJAA RJTT RJTY UHSS UHWW,BISUN B451 WQG G341 TGO G212 BUMDU,
BISUN-ZBTJ-01,UHWW,BISUN B451 WQG G341 LJB A588 VENOS W573 DBL W5 EKULI W576 OVTUP W55 DUMAP,
BISUN-ZGHA-01,UHWW,BISUN B451 WQG G341 TGO G212 VYK W37 GUSIV,
BISUN-ZGSZ-01,UHWW,BISUN B451 WQG G341 TGO G212 VYK W37 OMBEB R473 NOLON W90 POU W7 SAREX,
BISUN-ZHCC-01,UHWW,BISUN B451 WQG G341 LJB A588 UDETI W106 MAKNO W5 HCH W4 TAMIX B208 NOPIN,
BISUN-ZHHH-01,UHWW,BISUN B451 WQG G341 LJB A588 UDETI W106 MAKNO W5 HCH W4 IPNIT W37 PONUD,
BISUN-ZJSY-01,UHSS UHWW,BISUN B451 WQG G341 TGO G212 VYK W37 OMBEB R473 POU B330 TAMOT SIKOU A202 SAMAS G221 WL,
BISUN-ZSNJ-01,UHWW,BISUN B451 WQG G341 TGO G212 SOTMU W98 ELKUR W40 YQG W142 DALIM A593 DPX A470 OF,
BISUN-ZSPD-01,PAED PANC UHWW,BISUN B451 WQG G341 LJB A588 CHI W107 SANKO A326 AKARA A593 PUD,
BISUN-ZYCC-01,RJAA RJAH RJBB RJCC RJCO RJGG RJNA RJOO RJSS RJTT RJTY UHWW,BISUN B451 WQG G341 LJB,
BISUN-ZYHB-01,RJAA RJAH RJBB RJGG RJNA RJNS RJOO RJSN RJTT RJTY UHWW,BISUN B451 KETOV,
BISUN-ZYMD-01,UHWW,BISUN B451 UGABI W39 MDJ,
BISUN-ZYTL-01,UHSS UHWW,BISUN B451 WQG G341 LJB A588 VENOS,
BISUN-ZYTX-01,RJAA RJCA RJCC RJCO RJEC RJTT RJTY UHWW,BISUN B451 WQG G341 LJB A588 LEMOT,
BUNTA-ZBAA-01,VVDN,BUNTA G221 SYX W222 NUMKU W223 AGTEL W71 LH R339 BHY W159 LBN W2 SJG W102 EMVIL W282 UPSIK W4 VADMO W56 DUGEB,
BUNTA-ZBAD-01,VVDN,BUNTA G221 SYX W222 NUMKU W223 AGTEL W71 LH R339 BHY W159 LBN W2 SJG W102 EMVIL W282 UPSIK W4 LIMGI W175 OLGUP G212 BELAX,
BUNTA-ZGGG-01,VVDN VVPQ WIDD,BUNTA A1 IKELA TAMOT W68 IDUMA,
BUNTA-ZGNN-01,WADD,BUNTA G221 SYX W222 NUMKU W223 AGTEL W71 LH R339 WUY,
BUNTA-ZGOW-01,VDPP VDSA VDTI VTBD VTBS VTSG VTSP,BUNTA A1 IKELA DOTMI,
BUNTA-ZGZJ-01,VDPP VDTI VVTS WMKK,BUNTA G221 SYX W222 NUMKU W223 AGTEL W71 LH,
BUNTA-ZJHK-01,VDPP VDSA VDSV VDTI VTBU VTSP VVCR VVDN VVPQ VVTS WARR WBGG WBGR WBKK WBSB WIHH WIII WIMM WMKJ WMKK WMKL WMKP WSAP WSSL WSSS,BUNTA G221 SYX W222 NUMKU,
BUNTA-ZJQH-01,WMKK,BUNTA G221 ANPIM,
BUNTA-ZJSY-01,UKBB UKBU UKKK UKKM URKK URRP VDPP VDSA VDSV VDTI VLLB VLVT VTBD VTBS VTBU VTCC VTSP VVCR VVDN VVPQ VVTS VYYY WARR WIHH WIII WMKJ WMKK WMKP WSAP WSSL WSSS,BUNTA G221 WL,
BUNTA-ZSAM-01,VTBD VTBS VTSG VTSP,BUNTA A1 IKELA MAGOG A470 TEBON,
BUNTA-ZSFZ-01,VTBD VTBS VTSG VTSP,BUNTA A1 IKELA MAGOG A470 ENVEN,
BUNTA-ZSHC-01,VRMM VTBD VTBS VTSP,BUNTA A1 IKELA MAGOG A470 UGAGO,
BUNTA-ZSNB-01,VTBD VTBS VTSB VTSG VTSP,BUNTA A1 IKELA MAGOG A470 LJG B221 SHZ,
GOLOT-ZBAA-01,ZKPY,GOLOT A345 BIDIB A575 UKDUM W49 OSUBA,
GOLOT-ZYCC-01,ZKPY,GOLOT A345 BIDIB A588 LEMOT,
GOLOT-ZYTX-01,RJBB RJGG RJNA RJNT RJOO ZKPY,GOLOT A345 ANSUK,
GOPTO-ZGSZ-01,ELLX,GOPTO B206 NIRAV G588 FKG W192 ESDEX W191 DNC W565 BIGUX B330 KWE W181 DUDIT A599 POU W7 SAREX,
GOPTO-ZGSZ-02,ELLX,GOPTO B206 ADPET W188 DAKPA W189 AKLAS W192 ESDEX W191 DNC W565 BIGUX B330 KWE W181 DUDIT A599 POU W7 SAREX,
GOPTO-ZPPP-01,LFAT LFPB LFPG LFPO,GOPTO B206 ADPET W188 DAKPA W189 AKLAS W192 ESDEX W191 DNC W565 BIGUX B330 UBKER G212 SGM,
GOPTO-ZUUU-01,LFAT LFPB LFPG LFPO,GOPTO B206 NIRAV G588 FKG W192 ESDEX W191 DNC W565 BIGUX B330 MEXAD,
GOPTO-ZUUU-02,LFAT LFPB LFPG LFPO,GOPTO B206 ADPET W188 DAKPA W189 AKLAS W192 ESDEX W191 DNC W565 BIGUX B330 MEXAD,
GOPTO-ZWWW-01,PAED PANC UNBB UNNT UNOO UUDD UUEE UUMO UUWW,GOPTO B206 ADPET W190 QTV W99 FKG B215 WUR,
INTIK-ZBAA-01,DAAA DAAG EBBR EBCI EDDB EDDF EDDH EDDL EDDM EDDT EDDV EDFH EDHI EFHK EGAE EGCC EGGW EGKK EGLL EGPF EGPH EGPK EGSS EHAM EIDW EKCH EKRK ELLX ENFB ENGM EPWA ESKN ESOW ESSA ESSB HLLT KBHM KEWR KJFK KLGA LEBL LEMD LETO LEZG LFAT LFMN LFPB LFPG LFPO LGAV LHBP LIMB LIMC LIML LIPZ LIRA LIRF LKPR LOWW LPPT LRBS LROP LSGG LSZH LYBE LYBT OERK OERY OMDB OMDW UAAA UACC UHPP UIII UIUU UKBB UKBU UKKK UKKM ULLI UMMS UNKL UNNT UNOO URKK URSS USCC USSS UUBW UUDD UUEE UUMO UUWW UWUU ZMCK ZMUB,INTIK A575 LHT B458 BIKUT W69 GUVBA,
INTIK-ZBAD-01,EDDF EFHK EGAE EGGW EGKK EGLL EGSS EHAM EPWA GMMN LFAT LFPB LFPG LFPO LPPT LSZH LTBA LTFJ LTFM UIII UIUU ULLI UNKL UNNT USSS UUDD UUEE UUMO UUWW ZMCK ZMUB,INTIK A575 LHT B458 TMR W65 SELGO W247 IVTIN W64 ELAPU,
INTIK-ZBDS-01,UIII ZMCK ZMUB,INTIK W32 HET W84 TOREL W69 DUDIL W101 ALGOV,
INTIK-ZBER-01,UIII ZMCK ZMUB,INTIK A575 LHT,
INTIK-ZBHH-01,EPWA UIII UMMS UUDD UUEE UUMO UUWW ZMCK ZMUB,INTIK A575 LHT B458 TMR,
INTIK-ZBSJ-01,UIII UIUU UNKL,INTIK W32 HET B208 AGVUR W87 BESGI G212 TONOV,
INTIK-ZBTJ-01,EBBR EBCI EBLG EDDF EDDM EDFH EETN EGAE EGCC EGGW EGKK EGLL EGSS EHAM EKCH EKRK ELLX ESKN ESOW ESSA ESSB EYKA LEMD LETO LEZG LFAT LFBO LFPB LFPG LFPO LIBD LIMB LIMC LIML LOWW UACC UIBB UIII UKBB UKBU UKKK UKKM UNBB UNKL UNNT USSS UUDD UUEE UUMO UUWW UWLW UWUU UWWW ZMCK ZMUB,INTIK A575 LHT B458 BIKUT W69 GUVBA,
INTIK-ZGSZ-01,UIII,INTIK A575 LHT B458 DADGA W37 OMBEB R473 NOLON W90 POU W7 SAREX,
INTIK-ZLXY-01,UIII UIUU ZMCK ZMUB,INTIK W32 HET W84 IBARO W47 LOVRA,
INTIK-ZSNJ-01,UIII,INTIK W32 HET B208 CGO W129 KAMDA W128 FYG B208 HFE W51 LEGIV W164 OREVO,
INTIK-ZYCC-01,EDDF,INTIK A575 LHT B458 TMR W86 KAKAT B334 TGO G341 BUTET,
INTIK-ZYTX-01,EDDF UUBW UUDD UUEE UUMO UUWW UWUU,INTIK A575 OMDUS,
KAMUD-ZBAA-01,FNLU HSSS LLBG OIIE OIII OTBD OTHH UAFF UAFU UBBB UCFM UCFO UTAA UTDD UZTT,KAMUD A468 XKC B215 FKG W188 LIKMI W270 DKO W69 GUVBA,
KAMUD-ZBAD-01,OIIE OIII OMDB OMDW OTBD OTHH UZTT,KAMUD A468 XKC B215 FKG W188 LIKMI W270 DKO W64 ELAPU,
KAMUD-ZBAD-02,OTBD OTHH,KAMUD W186 SADAN W187 TUSLI W112 VIKUP W191 PANRA W212 ATERO W211 ZWX W219 YHD W217 VIKON W72 OMGEL W64 ELAPU,
KAMUD-ZBTJ-01,UCFO UZSA UZTT,KAMUD A468 XKC B215 FKG W188 LIKMI W270 DKO W69 GUVBA,
KAMUD-ZGGG-01,EBLG OIIE OIII UTDD UZSA UZTT,KAMUD A468 XKC B215 FKG W192 ESDEX W191 DNC W565 BIGUX B330 KWE W181 DUDIT A599 GYA,
KAMUD-ZGGG-02,LEMD LETO LHBP LYBE LYBT,KAMUD W186 SADAN W187 TUSLI W112 VIKUP W191 DNC W565 BIGUX B330 KWE W181 DUDIT A599 GYA,
KAMUD-ZLIC-01,OMDB OMDW,KAMUD A468 XKC B215 FKG W188 LIKMI W270 NOLOM B330 ELRUB W199 YHD,
KAMUD-ZLXY-01,UAFF UAFU UAII UCFM UGTB UTDD UZSS UZTT,KAMUD W186 SADAN W187 TUSLI W112 VIKUP W191 DNC W565 BIGUX W214 HO,
KAMUD-ZLXY-02,UAFF UAFU UCFM UZSS UZTT,KAMUD A468 XKC B215 FKG W192 ESDEX W191 DNC W565 BIGUX W214 HO,
KAMUD-ZLXY-03,UAFF UAFU UCFM UZSS UZTT,KAMUD A468 XKC B215 FKG W188 LIKMI W270 NOLOM B330 BIGUX W214 HO,
KAMUD-ZSAM-01,UBBB,KAMUD A468 XKC B215 FKG W188 LIKMI W270 DKO W69 HUR B339 SOTMU W98 ELKUR W40 YQG W142 DALIM A593 DPX A470 ENVEN,
KAMUD-ZSHC-01,EKBI,KAMUD A468 XKC B215 FKG W188 LIKMI W270 DKO W64 NUTLO B208 CGO W129 KAMDA W128 FYG B208 HFE R343 UPLEL W95 SAPIN A470 IGRAT,
KAMUD-ZSNJ-01,UZTT,KAMUD A468 XKC B215 FKG W192 ESDEX W191 DNC W565 BIGUX B330 VIMAM W235 UBRAB B213 WHA R343 HFE W51 LEGIV W164 OREVO,
KAMUD-ZSPD-01,EBLG OIIE OIII UAFF UAFU UCFM UZSA UZTT,KAMUD A468 XKC B215 FKG W188 LIKMI W270 DKO W69 HUR B339 SOTMU W98 ELKUR W40 YQG W142 DALIM A593 DPX A470 DALNU W166 ZJ W167 SASAN R343 EKIMU,
KAMUD-ZUCK-01,OIIE OIII UZTT,KAMUD W186 SADAN W187 TUSLI W112 VIKUP W191 DNC W565 BIGUX B330 OVRAL W242 VIPAG W666 VINEX,
KAMUD-ZUTF-01,OIIE OIII OMDB OMDW UAFF UAFU UCFM UZTT,KAMUD W186 SADAN W187 TUSLI W112 VIKUP W191 DNC W565 BIGUX B330 MEXAD,
KAMUD-ZUTF-02,UZTT,KAMUD A468 XKC B215 FKG W188 LIKMI W270 NOLOM B330 MEXAD,
KAMUD-ZUTF-03,UZTT,KAMUD A468 XKC B215 FKG W192 ESDEX W191 DNC W565 BIGUX B330 MEXAD,
KAMUD-ZUUU-01,EGHH OIIE OIII OMDB OMDW UGTB UZTT,KAMUD W186 SADAN W187 TUSLI W112 VIKUP W191 DNC W565 BIGUX B330 MEXAD,
KAMUD-ZWSH-01,UAFF UAFU UCFM,KAMUD W186 KQS W176 KHG,
KAMUD-ZWWW-01,EGHH OAKB OEDF OERK OERY OIIE OIII OIMM OKBK OMDB OMDW OMSJ UAFF UAFU UBBB UCFM UCFO UTAA UTDD UTDL UZFF UZSS UZTT,KAMUD A468 XKC B215 EPDAG,
KATBO-ZBDS-01,VVCR VVNB VVTS,KATBO R471 ADBAG A599 SGM W144 IGNAK W179 JTG W277 MIGIR W193 YLX,
KATBO-ZGDY-01,VVDN VVNB VVTS,KATBO R471 ADBAG A599 SGM A581 HUY W140 DYG,
KATBO-ZLIC-01,VVCR VVDN VVPC,KATBO R471 ADBAG A599 SGM W144 IGNAK W179 OMBON W195 ATERO W211 ZWX W219 YHD,
KATBO-ZLLL-01,VVCR VVDL VVDN VVNB VVTS,KATBO R471 ADBAG A599 SGM W144 IGNAK W179 OMBON W195 ORUNA,
KATBO-ZLXY-01,VVCR VVDL VVDN VVNB VVPB VVPQ VVTS,KATBO R471 ADBAG A599 SGM W144 IGNAK W179 WFX W81 APIMI W275 NSH,
KATBO-ZPLJ-01,VVNB,KATBO R471 ADBAG A599 GULOT W146 BUBSU W162 DAL,
KATBO-ZPPP-01,VVCI VVCR VVDN VVNB VVTS WBGG WBKK WBSB WMKK WSAP WSSL WSSS,KATBO R471 ADBAG A599 LXI,
KATBO-ZUCK-01,VVCR VVNB VVPQ,KATBO R471 ADBAG A599 SGM W144 ZAT W145 IDSID W30 URGUS W91 EGARA W3 ASIPO W678 SEGDA,
KATBO-ZUGY-01,VVCR VVDN VVPQ VVTS,KATBO R471 ADBAG A599 SGM A581 QNX,
KATBO-ZUTF-01,VVCR VVDN VVNB VVPQ VVTS,KATBO R471 ADBAG A599 SGM W144 IGNAK,
KATBO-ZUUU-01,VVCR VVDN VVNB VVPQ VVTS,KATBO R471 ADBAG A599 SGM W144 IGNAK,
LAMEN-ZBAA-01,CYMX CYUL CYVR CYYZ KBFI KBWI KDAL KDCA KDET KDFW KDTW KEWR KIAD KJFK KLAS KLAX KLGA KMDW KMEM KOAK KORD KPAE KPTK KSEA KSFO KSJC KYIP MMTJ NZAA PAED PANC PGSN PGUA PGUM PHNL ROAH RONA,LAMEN A593 DALIM W157 AVBOX,
LAMEN-ZGDY-01,RJBB RJFF RJOO RKJB RKNY RKPK RKSI RKSM RKSS RKTN RKTU,LAMEN A593 PK R343 MADUK W51 LEGIV W164 ADGOL W50 XSH W80 IDGAG A581 LIN W141 DYG,
LAMEN-ZGGG-01,CYVR CYYZ KEWR KJFK KLAX KLGA KMDW KORD KSFO PAED PANC RJAA RJAH RJBB RJCC RJCO RJFF RJGG RJNA RJOO RJTT RJTY RKPC RKPK RKSI RKSM RKSS ROAH RONA,LAMEN A593 PUD A599 NXD W131 AKDIM A470 DUBGO W134 ELNEX A599 PLT W19 OLPAB,
LAMEN-ZGHA-01,PAED PANC RJAA RJAH RJBB RJBD RJOO RJTT RJTY RKPK RKSI RKSM RKSS,LAMEN A593 PK R343 MADUK W51 LEGIV W164 ADGOL W50 XSH W80 UDUMI W37 GUSIV,
LAMEN-ZGKL-01,RJBB RJFF RJOO RKSI RKSM RKSS,LAMEN A593 PK R343 MADUK W51 LEGIV W164 ADGOL W50 XSH W80 UDUMI W37 OLMIB W83 GOSMA R343 ONEMI,
LAMEN-ZGNN-01,RJAA RJBB RJNS RJOO RJTT RJTY RKPC RKSI RKSM RKSS,LAMEN A593 PK R343 MADUK W51 LEGIV W164 ADGOL W50 XSH W80 UDUMI W37 OLMIB W83 GOSMA R343 LBN,
LAMEN-ZGOW-01,RJBB RJGG RJNA RJNS RJOO RKPC RKSI RKSM RKSS RORS,LAMEN A593 PUD A599 NXD W131 AKDIM A470 TEBON W155 VETIB,
LAMEN-ZGSZ-01,CYVR KBFI KLAX KMDW KMEM KORD KPAE KSEA MMTJ PAED PANC RJAA RJAH RJBB RJCC RJCO RJFF RJFS RJGG RJNA RJNS RJOO RJSS RJTT RJTY RKPC RKPK RKSI RKSM RKSS ROAH RONA,LAMEN A593 PUD A599 NXD W131 AKDIM A470 DUBGO W134 ELNEX A599 PLT W19 ATKAV W20 SALIV R473 NOLON W90 POU W7 SAREX,
LAMEN-ZGSZ-02,KBFI KLAX KPAE KSEA,LAMEN A593 DUMET W114 LASAN W13 BEGMO M503 LAPUG R200 GUBLO,
LAMEN-ZHCC-01,KLAX KMDW KORD PAED PANC RJAA RJBB RJFR RJGG RJNA RJNS RJOO RJTT RJTY RKJB RKNY RKPC,LAMEN A593 PK R343 HFE B208 FYG W596 UNTEL,
LAMEN-ZHEC-01,KBFI KEWR KJFK KLAX KLGA KMDW KORD KPAE KSEA PAED PANC RJAA RJBB RJGG RJNA RJOO RJTT RJTY RKSI RKSM RKSS YSSY,LAMEN A593 PK R343 MADUK W51 LEGIV W164 ADGOL W50 XSH,
LAMEN-ZHHH-01,KSFO PAED PANC RJAA RJBB RJCC RJCO RJFF RJFR RJGG RJNA RJNS RJOB RJOO RJTT RJTY RKJB RKNY RKPC RKSI RKSM RKSS RKTU YSSY,LAMEN A593 PK R343 MADUK W51 LEGIV W164 ADGOL W50 XSH,
LAMEN-ZHYC-01,RJBB RJOO RKPC,LAMEN A593 PK R343 MADUK W51 LEGIV W164 ADGOL W50 XSH W80 UPGUR W156 YIH,
LAMEN-ZJHK-01,RJAA RJAH RJBB RJGG RJNA RJOO RJTT RJTY RKNY RKPK RKSI RKSM RKSS RKTU,LAMEN A593 PUD A599 NXD W131 AKDIM A470 DUBGO W134 ELNEX A599 PLT W19 NOMAR W18 TAMOT SIKOU A202 ISBIG W605 DOMGO,
LAMEN-ZJSY-01,RJAA RJSN RJTT RJTY RKJB RKSI RKSM RKSS,LAMEN A593 PUD A599 NXD W131 AKDIM A470 DUBGO W134 ELNEX A599 PLT W19 NOMAR W18 TAMOT SIKOU A202 SAMAS G221 WL,
LAMEN-ZJSY-02,RJAH RJBB RJGG RJNA RJOO RKPK RKTN,LAMEN A593 PUD A599 NXD W131 AKDIM A470 DUBGO W134 ELNEX A599 PLT W19 NOMAR W18 NLG W23 ZUH R200 BIGRO G221 WL,
LAMEN-ZPPP-01,RJAA RJBB RJOO RJTT RJTY RKJJ RKPC RKSI RKSM RKSS,LAMEN A593 PK R343 MADUK W51 LEGIV W164 ADGOL W50 XSH W80 IDGAG A581 QNX W136 XISLI,
LAMEN-ZSAM-01,CYVR KLAX PAED PANC RJAA RJBB RJGG RJNA RJOO RJTT RJTY RKPC RKSI RKSM RKSS,LAMEN A593 DUMET W114 LASAN W13 BEGMO W117 DST B221 LJG A470 ENVEN,
LAMEN-ZSAM-02,CYVR KLAX PAED PANC RJAA RJBB RJGG RJNA RJOO RJTT RJTY RKPC RKSI RKSM RKSS,LAMEN A593 DUMET W114 LASAN W13 BEGMO M503 APAKA,
LAMEN-ZSCN-01,RKSI RKSM RKSS,LAMEN A593 PK R343 MADUK W51 LEGIV W164 ADGOL W50 XSH W105 PEXEK,
LAMEN-ZSCN-02,RJAA RJTT RJTY,LAMEN A593 PK R343 MADUK W51 LEGIV W164 ADGOL W50 XSH W105 NCH,
LAMEN-ZSFZ-01,CYVR KEWR KJFK KLAX KLGA RJAA RJAH RJBB RJCC RJCO RJFF RJGG RJNA RJOO RJTT RJTY RKNY RKPC RKSI RKSM RKSS RKTU ROAH RONA,LAMEN A593 DUMET W114 LASAN W13 BEGMO W117 DST B221 ANLUD,
LAMEN-ZSFZ-02,KEWR KJFK KLGA RJAA RJBB RJGG RJNA RJOO RJTT RJTY RKNY RKPC RKSI RKSM RKSS RKTU ROAH RONA,LAMEN A593 DUMET W114 LASAN W13 BEGMO M503 PONEN,
LAMEN-ZSHC-01,KEWR KJFK KLAX KLGA KMDW KORD KSFO NZAA PAED PANC PGSN RJAA RJAH RJBB RJCA RJCB RJCC RJCH RJCO RJEC RJFF RJFS RJFT RJGG RJNA RJNS RJOO RJSA RJSS RJTT RJTY RKNY RKPC RKPK RKSI RKSM RKSS RKTU ROAH RONA YMML YSSY,LAMEN A593 DUMET W114 LASAN G327 NINAS B221 SUPAR W505 DSH,
LAMEN-ZSJN-01,KLAX,LAMEN A593 ABTUB,
LAMEN-ZSNB-01,KLAX PAED PANC RJAA RJBB RJCB RJFS RJFU RJGG RJNA RJNS RJOO RJTT RJTY RKNY RKPC RKSI RKSM RKSS RKTU ROAH RONA RORS,LAMEN A593 IPRAG W13 HSN W67 OVNEV,
LAMEN-ZSNJ-01,CYVR KLAX PAED PANC PGSN RJAA RJAH RJBB RJBE RJCB RJCC RJCO RJFF RJGG RJNA RJNS RJOO RJTT RJTY RKPC RKPK RKSI RKSM RKSS ROAH RONA YMML YSSY,LAMEN A593 PK R343 ESBAG,
LAMEN-ZSNJ-02,PGSN RJAA RJAH RJBB RJCC RJCO RJFF RJGG RJNA RJNS RJOO RJTT RJTY ROAH RONA,LAMEN A593 AKARA A326 IKADI W113 YCH W185 OF,
LAMEN-ZSNT-01,RJAA RJBB RJFF RJGG RJNA RJOO RJTT RJTY RKPC RKSI RKSM RKSS ROAH RONA,LAMEN A593 PK G330 XIREM W591 NTG,
LAMEN-ZSOF-01,KLAX PAED PANC RJBB RJGG RJNA RJNS RJOO RKPC RKSI RKSM RKSS,LAMEN A593 PK R343 MADUK,
LAMEN-ZSPD-01,AYPY CYMX CYUL CYVR CYYC CYYZ KATL KBFI KBOS KDAL KDET KDFW KDTW KEWR KJFK KLAS KLAX KLGA KMDW KMEM KOAK KORD KPAE KPTK KSEA KSFO KSJC KYIP MMMX MMSD MMSM MMTJ NZAA PAED PANC PGSN PGUA PGUM PHNL RJAA RJAH RJBB RJBE RJCA RJCB RJCC RJCH RJCK RJCO RJEC RJFF RJFK RJFO RJFR RJFS RJFT RJFU RJGG RJNA RJNK RJNS RJNT RJOA RJOB RJOH RJOM RJOO RJOT RJSA RJSF RJSI RJSN RJSS RJTT RJTY RKJB RKJJ RKNY RKNY RKPC RKPK RKSI RKSM RKSS RKTN RKTU ROAH RONA RORS RPLL RPMM UHHH UHWW YBBN YBCS YMML YSSY,LAMEN A593 PUD,
LAMEN-ZSQD-01,ROAH RONA,LAMEN A593 AKARA A326 IKADI W113 GORPI B221 IDVEL,
LAMEN-ZSSH-01,RJAH RJNS RKPC,LAMEN A593 LAGAL W525 HUN,
LAMEN-ZSSH-02,RJBB RJOO,LAMEN A593 AKARA A326 IKADI W113 YCH W185 NIXEM A593 LAGAL W525 HUN,
LAMEN-ZSSS-01,CYVR CYYZ KBFI KEWR KJFK KLAX KLGA KPAE KSEA KSFO PAED PANC PGSN PGUA PGUM RJAA RJAH RJBB RJCA RJCC RJCO RJEC RJFF RJFK RJFO RJFS RJFT RJFU RJGG RJNA RJOA RJOH RJOO RJOT RJSN RJTT RJTY RKJJ RKNY RKPC RKPK RKSI RKSM RKSS RKTU ROAH RONA,LAMEN A593 PUD SHA,
LAMEN-ZSTX-01,RKSI RKSM RKSS,LAMEN A593 PUD A599 NXD W131 AKDIM A470 DUBGO W133 ABVIL G204 TXN,
LAMEN-ZSWZ-01,RJAA RJBB RJCC RJCK RJCO RJFF RJGG RJNA RJNS RJOO RJTT RJTY RKPC RKSI RKSM RKSS,LAMEN A593 DUMET W114 LASAN W13 BEGMO,
LAMEN-ZSXZ-01,RJBB RJGG RJNA RJOO RKPC,LAMEN A593 OMUDI W125 DO,
LAMEN-ZSYA-01,RJAA RJAH RJBB RJCC RJCO RJGG RJNA RJOO RJTT RJTY RKPC RKSI RKSM RKSS RORS,LAMEN A593 PIMOL,
LAMEN-ZUCK-01,KBFI KEWR KJFK KLAX KLGA KPAE KSEA PGSN RJAA RJBB RJFU RJGG RJNA RJNS RJOO RJTT RJTY RKJB RKPC RKPK RKSI RKSM RKSS RKTN RKTU ROAH RONA UHHH,LAMEN A593 PK R343 MADUK W51 LEGIV W164 ADGOL W50 XSH W80 IRPOG,
LAMEN-ZUGY-01,RKPC RKSI RKSM RKSS,LAMEN A593 PK R343 MADUK W51 LEGIV W164 ADGOL W50 XSH W80 IDGAG A581 HUY W183 TRN W680 UBGUP,
LAMEN-ZUTF-01,CYVR KEWR KJFK KLAX KLGA KMDW KORD RJAA RJBB RJOO RJTT RJTY RKPC,LAMEN A593 PK R343 MADUK W51 LEGIV W164 ADGOL W50 XSH W80 AKOPI,
LAMEN-ZUUU-01,CYVR KSFO PAED PANC RJAA RJBB RJCC RJCO RJFF RJGG RJNA RJOO RJTT RJTY RKPC ROAH RONA RORS YSSY,LAMEN A593 PK R343 MADUK W51 LEGIV W164 ADGOL W50 XSH W80 URGEG W231 EKOKA,
LANDA-ZGSZ-01,NZAA NZCH PGSN PHNL RPLB RPLC RPLI RPLL RPMD RPMM RPVE RPVK RPVM VDPP VDSA VDSV VDTI VVCR VVDN VVPQ VVTS WADD WAMM WBGG WBKK WBKK WBSB WIDD WIHH WIII WMKJ WMKK WMKL WMKP WMSA WSAP WSSL WSSS YBBN YBCS YMML YPDN YSSY,LANDA W130 UJ W553 ZUH W23 NLG W509 KEVAR,
LINSO-ZBAA-01,FAOR FSIA FVHA HAAB HECA HKJK HLLT OERK OERY OPIS OPKC VCBI VCCC VIDP VRMM,LINSO A599 SGM A581 IDPOG W56 DUGEB,
LINSO-ZBAA-02,FAOR HAAB OEJN OEMA OMDB OMDW OPKC VABB VCBI VCCC VGHS VIDP VNKT VRMM VYNT VYYY,LINSO A599 SGM W144 IGNAK W179 JTG W277 VARSO W69 GUVBA,
LINSO-ZBAD-01,VNKT VYMD VYYY,LINSO A599 SGM A581 IDPOG W56 ORODO W62 TEKIL G212 BELAX,
LINSO-ZBAD-02,OEDF OEJN OERK OERY OMDB OMDW OTBD OTHH VGHS VRMM,LINSO A599 SGM W144 IGNAK W179 WFX W81 APIMI W275 WJC G212 BELAX,
LINSO-ZBHH-01,VYMD VYYY,LINSO A599 SGM A581 IDPOG W56 OBMEP B208 TODAM,
LINSO-ZBSJ-01,VYMD VYYY,LINSO A599 SGM W144 IGNAK W179 WFX W81 APIMI W275 WJC G212 TONOV,
LINSO-ZBTJ-01,VYMD VYYY,LINSO A599 SGM A581 IDPOG W56 GUVRI W85 OMDEK,
LINSO-ZBTJ-02,FMEE VCBI VCCC VYMD VYYY,LINSO A599 SGM W144 IGNAK W179 WFX W81 APIMI W275 WJC G212 TEKIL W85 OMDEK,
LINSO-ZBYN-01,VIDP VYMD VYYY,LINSO A599 SGM W144 IGNAK W179 WFX W81 APIMI W275 WJC G212 RUNBU,
LINSO-ZGGG-01,DAAG EBLG EDDF FMEE FNLU FVHA HAAB HECA HKJK HTDA LLBG LTBA LTFJ LTFM OBBI OBBS OEDF OEJN OERK OERY OIIE OIII OKBK OMAA OMAD OMDB OMDW OMSJ OOMS OPIS OPLA ORBI ORER OTBD OTHH UTAA VABB VECC VGEG VGHS VIDP VLVT VNKT VOBG VOBL VOHY VYMD,LINSO A599 GYA,
LINSO-ZGHA-01,HAAB VIDP VNKT VOMM VYMD VYYY,LINSO A599 SGM A581 NOMUK W194 LLC W138 RUKLI,
LINSO-ZGNN-01,VYYY,LINSO A599 BSE R339 UVUNO,
LINSO-ZGSZ-01,HECA HKJK LLBG OBBI OBBS OERK OERY OIIE OIII OMAA OMAD OMDB OMDW OMSJ OPKC OPLA OTBD OTHH VABB VECC VGHS VIDP VNKT VOBG VOBL VOMM VYMD VYYY,LINSO A599 POU W7 SAREX,
LINSO-ZHCC-01,HAAB OERK OERY OMAA OMAD VABB VGHS VIDP VOMM VYMD VYYY,LINSO A599 SGM A581 IDPOG W56 IGMIG,
LINSO-ZHEC-01,OMAA OMAD OPIS OPLA VABB VECC VGHS VIDP VOBG VOBL VOMM,LINSO A599 SGM A581 LIN W207 TIKME W208 WTM,
LINSO-ZHHH-01,EBLG HAAB HKJK OMDB OMDW OPIS VABB VECC VGHS VIDP VOMM VYMD VYNT VYYY,LINSO A599 SGM A581 LIN W207 TIKME W208 WTM,
LINSO-ZJHK-01,OEJN OMAA OMAD OMDB OMDW,LINSO A599 BSE R339 BHY W70 NYB,
LINSO-ZJSY-01,VYMD VYYY,LINSO A599 BSE R339 BHY W70 NYB G221 WL,
LINSO-ZLIC-01,OEJN OMDB OMDW OPKC,LINSO A599 SGM W144 IGNAK W179 OMBON W195 ATERO W211 ZWX W219 YHD,
LINSO-ZLLL-01,OEJN OPKC VYMD VYYY,LINSO A599 SGM W144 IGNAK W179 OMBON W195 ORUNA,
LINSO-ZLXY-01,HECA HKJK OERK OERY OMDB OMDW VABB VCBI VCCC VGHS VIDP VOMM VYMD VYNT VYYY,LINSO A599 SGM W144 IGNAK W179 WFX W81 APIMI W275 NSH,
LINSO-ZPLJ-01,VYMD VYYY,LINSO A599 GULOT W146 BUBSU W162 CEH,
LINSO-ZPMS-01,VYMD VYYY,LINSO A599 GMA W633 TOSEM,
LINSO-ZPPP-01,HECA HKJK OEMA OMAA OMAD OMDB OMDW OPIS OPKC OPLA VABB VCBI VCCC VECC VGHS VIDP VNKT VOBG VOBL VOMM VRMM VYMD VYNT VYYY,LINSO A599 GULOT,
LINSO-ZSAM-01,OERK OERY,LINSO A599 POU G471 SHL W22 GUBLO R200 BEBEM A470 TEBON,
LINSO-ZSCN-01,VNKT VYMD VYYY,LINSO A599 SGM A581 IDPOG W56 REPUV W50 XSH W105 PEXEK,
LINSO-ZSFZ-01,VYMD,LINSO A599 POU G471 SHL W22 GUBLO R200 BEBEM A470 ENVEN,
LINSO-ZSHC-01,HECA OMDB OMDW OTBD OTHH VGHS VIDP VYMD VYYY,LINSO A599 SGM A581 WHA R343 UPLEL W95 SAPIN A470 IGRAT,
LINSO-ZSJN-01,VYMD VYYY,LINSO A599 SGM A581 IDPOG W56 VADMO W4 WXI W59 UBSIS,
LINSO-ZSNB-01,VGHS VYMD VYYY,LINSO A599 SGM A581 WHA R343 UPLEL W95 SAPIN A470 UGAGO G204 SHZ,
LINSO-ZSNJ-01,VGHS VYMD VYYY,LINSO A599 SGM A581 WHA R343 HFE W51 LEGIV W164 OREVO,
LINSO-ZSNT-01,VABB VGHS VIDP VOBG VOBL VOMM VYMD,LINSO A599 SGM A581 WHA R343 OLRIS G345 UNTAN G330 PIKAS W109 NTG,
LINSO-ZSOF-01,VYMD VYYY,LINSO A599 SGM A581 WHA R343 MIDOX,
LINSO-ZSPD-01,EBLG HAAB HECA HEGN HESN HKJK LTBA LTFJ LTFM OBBI OBBS OEDF OEJN OERK OERY OIIE OIII OMAA OMAD OMDB OMDW OMSJ OPLA OTBD OTHH VABB VCBI VCCC VECC VGHS VIDP VNKT VOBG VOBL VOMM VRMM VYMD VYYY,LINSO A599 SGM A581 WHA R343 EKIMU,
LINSO-ZSPD-02,HECA OPKC,LINSO A599 GYA B330 POU G471 SHL W26 UPRIK W41 OMDUP G471 PLT A599 ELNEX G204 SHZ W58 XSY,
LINSO-ZSQD-01,VNKT,LINSO A599 SGM A581 IDPOG W56 VADMO W4 WXI W59 SUNOK W103 WFG,
LINSO-ZSQD-02,OMDB OMDW,LINSO A599 SGM W144 IGNAK W179 WFX W81 APIMI W275 NSH W280 SUDGO W4 WXI W59 SUNOK W103 WFG,
LINSO-ZSSS-01,OMAA OMAD VCBI VCCC VGHS VIDP VNKT VYYY,LINSO A599 SGM A581 WHA R343 PK,
LINSO-ZSSS-02,OPKC,LINSO A599 GYA B330 POU G471 SHL W26 UPRIK W41 OMDUP G471 PLT A599 ELNEX G204 JTN,
LINSO-ZSXZ-01,VYMD VYYY,LINSO A599 SGM A581 WHA R343 HFE W127 ATVIM,
LINSO-ZSYA-01,VYMD VYYY,LINSO A599 SGM A581 WHA R343 OLRIS G345 ZJ W184 PIMOL,
LINSO-ZSYT-01,VYMD,LINSO A599 SGM A581 IDPOG W56 VADMO W4 WXI W59 SUNOK W103 YQG W569 NOBUP W4 HCH,
LINSO-ZUCK-01,OERK OERY OMDB OMDW OMSJ OPLA OTBD OTHH VABB VCBI VCCC VECC VGHS VIDP VNKT VOBG VOBL VOMM VRMM VYMD VYNT VYYY,LINSO A599 SGM W144 ZAT W145 IDSID W30 URGUS W91 EGARA W3 ASIPO W678 SEGDA,
LINSO-ZUGY-01,OPKC VCBI VCCC VGHS VNKT VYMD VYYY,LINSO A599 SGM A581 QNX,
LINSO-ZUTF-01,HAAB HECA LTBA LTFJ LTFM OMAA OMAD OMDB OMDW OPIS OPLA OTBD OTHH VABB VCBI VCCC VECC VGHS VIDP VNKT VOBG VOBL VOMM VRMM VYYY,LINSO A599 SGM W144 IGNAK,
LINSO-ZUUU-01,HAAB HECA LLBG OMAA OMAD OMDB OMDW OMSJ OPKC OPLA OTBD OTHH VABB VCBI VCCC VECC VGHS VIDP VNKT VOBG VOBL VOMM VRMM VTSG VVNB VYMD VYYY,LINSO A599 SGM W144 IGNAK,
MAGIT-ZBAA-01,CYMX CYUL CYVR CYYC CYYZ KBFI KBOS KBWI KDAL KDCA KDET KDFW KDTW KEWR KHIO KHOU KIAD KIAH KJFK KLAS KLAX KLGA KMDW KMEM KORD KPAE KPDX KPHL KPIT KSEA KSFO KSJC KYIP MMTJ PAED PANC PGUA PGUM PHNL UHHH UHPP,MAGIT R213 JMU G212 UKDUM W49 OSUBA,
MAGIT-ZBAD-01,KBFI KDET KDTW KPAE KSEA KYIP UHHH,MAGIT R213 JMU G212 BUMDU,
MAGIT-ZBHH-01,PAED PANC,MAGIT R213 JMU G212 TGO B334 KAKAT W28 ISKOB G218 TMR,
MAGIT-ZBTJ-01,CYEG CYVR KEWR KJFK KLAX KLGA KMDW KORD KPIT PAED PANC UHHH,MAGIT R213 JMU G212 HRB A588 VENOS W573 DBL W5 EKULI W576 OVTUP W55 DUMAP,
MAGIT-ZBYN-01,KLAX,MAGIT R213 JMU G212 VYK B215 TOKUD,
MAGIT-ZGHA-01,KLAX KSFO PAED PANC,MAGIT R213 JMU G212 HRB A588 UDETI W106 MAKNO W5 HCH W4 IPNIT W37 GUSIV,
MAGIT-ZGSZ-01,CYVR KBFI KBOS KEWR KJFK KLAX KLGA KMDW KORD KPAE KSEA MMTJ PAED PANC,MAGIT R213 JMU G212 VYK W37 OMBEB R473 NOLON W90 POU W7 SAREX,
MAGIT-ZHCC-01,CYVR KEWR KJFK KLAX KLGA KMDW KORD PAED PANC UHHH,MAGIT R213 JMU G212 VYK B215 AGVUR B208 NOPIN,
MAGIT-ZHEC-01,KBFI KEWR KJFK KLAX KLGA KPAE KSEA PAED PANC,MAGIT R213 JMU G212 VYK W37 ENLAB,
MAGIT-ZHHH-01,CYYZ KEWR KJFK KLGA KSFO PAED PANC,MAGIT R213 JMU G212 HRB A588 UDETI W106 MAKNO W5 HCH W4 IPNIT W37 PONUD,
MAGIT-ZJSY-01,UHBB UHHH,MAGIT R213 JMU G212 VYK W37 OMBEB R473 WYN W18 TAMOT SIKOU A202 SAMAS G221 WL,
MAGIT-ZLXY-01,CYVR KBFI KLAX KPAE KSEA KSFO PAED PANC,MAGIT R213 JMU G212 BUMDU W47 LOVRA,
MAGIT-ZSHC-01,KLAX KSFO PAED PANC UEEE UHHH,MAGIT R213 JMU G212 HRB A588 CHI W107 SANKO A326 AKARA A593 DUMET W114 LASAN G327 NINAS B221 SUPAR W505 DSH,
MAGIT-ZSHC-02,KSFO,MAGIT R213 JMU G212 SOTMU W98 ELKUR W40 YQG W142 DALIM A593 DPX A470 OF W95 SAPIN A470 IGRAT,
MAGIT-ZSJN-01,KEWR KJFK KLAX KLGA KSJC,MAGIT R213 JMU G212 HRB A588 UDETI W106 MAKNO W5 HCH W4 BASOV,
MAGIT-ZSNJ-01,CYVR KLAX KMDW KORD PAED PANC,MAGIT R213 JMU G212 SOTMU W98 ELKUR W40 YQG W142 DALIM A593 DPX A470 OF,
MAGIT-ZSPD-01,CYMX CYUL CYVR CYYZ KATL KBFI KBWI KDAL KDCA KDET KDFW KDTW KEWR KHIO KIAD KJFK KLAS KLAX KLGA KMDW KMEM KORD KPAE KPDX KSEA KSFO KSJC KYIP PAED PANC PGSN PHNL,MAGIT R213 JMU G212 SOTMU W98 ELKUR W40 YQG W142 DALIM A593 DPX A470 DALNU W166 ZJ W167 SASAN R343 EKIMU,
MAGIT-ZSPD-02,CYEG CYMX CYUL CYVR CYYC CYYZ KATL KBFI KBOS KBWI KCVG KDAL KDCA KDET KDFW KDTW KEWR KIAD KJFK KLAS KLAX KLGA KLUK KMDW KMEM KMIA KMWH KORD KPAE KSDF KSEA KSFO KSJC KYIP MMTJ PAED PANC PGSN PHNL,MAGIT R213 JMU G212 HRB A588 CHI W107 SANKO A326 AKARA A593 PUD,
MAGIT-ZSQD-01,CYVR CYYZ KLAX KSFO,MAGIT R213 JMU G212 HRB A588 UDETI W106 MAKNO W5 HCH W651 NOKUD,
MAGIT-ZSSS-01,CYVR CYYZ KBFI KEWR KJFK KLAX KLGA KPAE KSEA KSFO PAED PANC,MAGIT R213 JMU G212 SOTMU W98 ELKUR W40 YQG W142 DALIM A593 DPX A470 DALNU W166 ZJ W167 SASAN R343 PK,
MAGIT-ZSYT-01,PAED PANC,MAGIT R213 JMU G212 HRB A588 VENOS W573 DBL W5 GUMED,
MAGIT-ZUCK-01,KEWR KJFK KLAX KLGA KMDW KORD KSFO PAED PANC,MAGIT R213 JMU G212 VYK W37 DUBAS R343 WHA A581 IDGAG W80 IRPOG,
MAGIT-ZUGY-01,PAED PANC,MAGIT R213 JMU G212 VYK W37 DUBAS R343 WHA A581 HUY W183 TRN W680 UBGUP,
MAGIT-ZUTF-01,CYVR KLAX,MAGIT R213 JMU G212 BUMDU W47 ASAVA W45 ATMIL W276 ANRUG W279 ONEBA G212 BUPMI,
MAGIT-ZUUU-01,KSFO,MAGIT R213 JMU G212 VYK B215 KAPDO W276 ANRUG W279 ONEBA G212 SUBUL W230 AKDIK,
MAGIT-ZUUU-02,CYVR,MAGIT R213 JMU G212 BUMDU W47 ASAVA W45 ATMIL W276 ANRUG W279 ONEBA G212 SUBUL W230 AKDIK,
MAGIT-ZYCC-01,UHHH,MAGIT R213 JMU G212 HRB A588 PABKI W655 DUKIR,
MAGIT-ZYHB-01,CYYZ KLAX KSJC PAED PANC UHHH UHSS,MAGIT R213 JMU G212 IGADO,
MAGIT-ZYTL-01,UHHH,MAGIT R213 JMU G212 HRB A588 VENOS,
MAGIT-ZYTX-01,CYVR KLAX KSFO UHHH,MAGIT R213 JMU G212 HRB A588 LEMOT,
MAGOG-ZGOW-01,RPLL RPMM RPVK RPVM VDSV VTBD VTBS VTSG VTSP VVCR VVDN WADD WBKK WBSB WMKK WMKP WSAP WSSL WSSS,MAGOG A470 DOTMI,
MAGOG-ZSAM-01,RPLC RPLL RPLP RPMM RPVK RPVM VDPP VDSA VDSV VDTI VTBD VTBS VTSP VVCR VVDN VVTS WADD WBKK WIHH WIII WMKK WMKP WSAP WSSL WSSS YMML YSSY,MAGOG A470 TEBON,
MAGOG-ZSFZ-01,RPLL RPMM RPVE RPVK RPVM VDPP VDSA VDSV VDTI VTBD VTBS VTSG VTSP VVCR VVDN VVTS WADD WALL WAMM WARR WBGG WBKK WIHH WIII WMKK WSAP WSSL WSSS YSSY,MAGOG A470 ENVEN,
MAGOG-ZSHC-01,NZAA RPLC RPLL RPMM RPVE RPVK RPVM VDPP VDSV VDTI VVCR VVDN VVPQ VVTS WADD WADL WAMM WBKK WBKK WBSB WIDD WIDN WMKK WMKL WMKP WSAP WSSL WSSS YMML YSSY,MAGOG A470 UGAGO,
MAGOG-ZSNB-01,RPVE RPVK RPVM VDPP VDSA VDSV VDTI VVCR VVDN VVPQ VVTS WADD WAMM WBKK WIHH WIII WMKK WSAP WSSL WSSS YPDN,MAGOG A470 LJG B221 SHZ,
MAGOG-ZSNJ-01,RPLC RPLI RPLL RPMM RPVE RPVK RPVM WADD WAMM WBKK WMKK WMSA YMML YSSY,MAGOG A470 EMRID W135 GOSRO,
MAGOG-ZSNT-01,RPLL RPMM RPVK VDSV VVCR WSAP WSSL WSSS,MAGOG A470 LJG B221 SHZ G204 JTN W116 PK G330 XIREM W591 NTG,
MAGOG-ZSPD-01,AYPY FIMP NZAA RPLB RPLC RPLI RPLL RPMM RPVE RPVK RPVM VDPP VDSA VDSV VDTI VRMM VTBD VTBS VTBU VTSB VTSG VTSP VVCR VVDN VVPQ VVTS WADD WAMM WBGG WBKK WBKL WBSB WIDD WIHH WIII WMKJ WMKK WMKP WSAP WSSL WSSS YBBN YBCS YMML YSSY,MAGOG A470 LJG B221 SHZ W58 XSY,
MAGOG-ZSQD-01,VDSA VVCR WMKK WSAP WSSL WSSS YMML YSSY,MAGOG A470 LJG B221 DST W117 BEGMO W13 PINOT B221 IDVEL,
MAGOG-ZSQZ-01,RPLL RPMM,MAGOG A470 TEBON,
MAGOG-ZSSH-01,VVCR,MAGOG A470 EMRID W135 DOGVI A470 OF W178 LAGAL W525 HUN,
MAGOG-ZSSS-01,RPLB RPLL RPMM RPVK RPVM VVCR VVDN WADD WBKK WMKK YSSY,MAGOG A470 LJG B221 SHZ G204 JTN,
MAGOG-ZSTX-01,VVTS WMKK,MAGOG A470 UGAGO G204 TXN,
MAGOG-ZSWZ-01,RPLL RPMM RPVK VDPP VDSA VDSV VDTI VTBD VTBS VTCC VVCR VVDN WADD WAMM WSAP WSSL WSSS,MAGOG A470 LJG B221 MUDOD W76 UNRUP,
MAGOG-ZSXZ-01,VVCR,MAGOG A470 EMRID W135 DOGVI A470 DPX W126 DO,
MORIT-ZBDS-01,EDFH UIII UNNT USSS,MORIT B330 NOLOM W270 DKO W64 OMGEL W193 ALGOV,
MORIT-ZGGG-01,EBBR EBCI EDDF EFHK EGAE EGCC EGGW EGKK EGLL EGSS EHAM LEMD LETO LFAT LFPB LFPG LFPO LIMB LIMC LIML LIRA LIRF UNNT,MORIT B330 KWE W181 DUDIT A599 GYA,
MORIT-ZGSZ-01,EBBR EBCI EBLG EDDF EGAE EGGW EGKK EGLL EGSS EHAM EIDW GMMN KBOS LEBL LEMD LETO LFAT LFPB LFPG LFPO LHBP LIMB LIMC LIML LIRA LIRF LOWW LSZH,MORIT B330 KWE W181 DUDIT A599 POU W7 SAREX,
MORIT-ZJHK-01,ULLI UNNT UNOO USSS UUDD UUEE UUMO UUWW UWKD UWUU UWWW,MORIT B330 KWE W181 DUDIT A599 LBN W159 BHY W70 NYB,
MORIT-ZJSY-01,UIII UIUU ULLI UNAA UNEE UNKL UNNT UNTT USPP USSS UUDD UUEE UUMO UUWW UWGG UWKD UWUU UWWW,MORIT B330 KWE W181 DUDIT A599 LBN W159 BHY W70 NYB G221 WL,
MORIT-ZLIC-01,UIII,MORIT B330 ELRUB W199 YHD,
MORIT-ZLLL-01,UUDD UUEE UUMO UUWW,MORIT B330 IDUGI,
MORIT-ZLXY-01,CYYZ EBBR EBCI EDFH EFHK EGAE EGGW EGKK EGLL EGSS EHAM ELLX ENFB ENGM ESKN ESOW ESSA ESSB GMMN KEWR KJFK KLGA LEBL LEMD LETO LFAT LFPB LFPG LFPO LHBP LIMB LIMC LIML LIRA LIRF LKPR LOWW LPPT LSZH UIII ULLI UMMS UNNT USSS UUDD UUEE UUMO UUWW,MORIT B330 BIGUX W214 HO,
MORIT-ZPPP-01,LFAT LFPB LFPG LFPO LTBA LTFJ LTFM ULLI UUDD UUEE UUMO UUWW,MORIT B330 UBKER G212 SGM,
MORIT-ZUCK-01,EBBR EBCI EDDF EDFH EFHK EGAE EGCC EGGW EGKK EGLL EGSS EHAM ELLX ENFB ENGM KEWR KJFK KLGA LEMD LETO LFAT LFPB LFPG LFPO LHBP LIMB LIMC LIML LIRA LIRF UIII ULLI UNKL UNNT USSS UUDD UUEE UUMO UUWW,MORIT B330 OVRAL W242 VIPAG W666 VINEX,
MORIT-ZUGY-01,EGAE EGGW EGKK EGLL EGSS LFAT LFPB LFPG LFPO ULLI UNNT UUDD UUEE UUMO UUWW,MORIT B330 QNX,
MORIT-ZUTF-01,EBBR EBCI EDDF EFHK EGAE EGGW EGKK EGLL EGSS EPWA KEWR KJFK KLGA KMDW KORD LEMD LETO LFAT LFPB LFPG LFPO LIMB LIMC LIML LOWW ULLI UUDD UUEE UUMO UUWW,MORIT B330 MEXAD,
MORIT-ZUUU-01,EBLG EDDF EDDM EFHK EGAE EGGW EGKK EGLL EGSS EHAM EKCH EKRK KBOS KEWR KJFK KLGA KMDW KORD LEMD LETO LFAT LFPB LFPG LFPO LHBP LIMB LIMC LIML LIRA LIRF LKPR LOWW LTBA LTFJ LTFM UIII ULLI UNKL UNNT USSS UUBW UUDD UUEE UUMO UUWW UWUU,MORIT B330 MEXAD,
MORIT-ZWWW-01,UIII,MORIT B330 IPDAT W66 NUKTI B215 HAM W99 FKG B215 WUR,
NIXAL-ZBDS-01,UIII ZMCK ZMUB,NIXAL B208 HET W84 TOREL W69 DUDIL W101 ALGOV,
NIXAL-ZBHH-01,UIBB ULLI UNNT UUDD UUEE UUMO UUWW,NIXAL G343 TMR,
NIXAL-ZBSJ-01,EETN ULLI UNNT UUDD UUEE UUMO UUWW,NIXAL B208 AGVUR W87 BESGI G212 TONOV,
NIXAL-ZBYN-01,CYYZ EPWA UNKL UUDD UUEE UUMO UUWW,NIXAL B208 AGVUR,
NIXAL-ZGHA-01,EBBR EBCI EBLG EDDF EGAE EGGW EGKK EGLL EGSS EHAM ULLI UNNT UUDD UUEE UUMO UUWW,NIXAL B208 CGO W129 KAMDA W128 DUDBI W37 GUSIV,
NIXAL-ZGSZ-01,EBBR EBCI EBLG EDAC EDDF EDDP EGAE EGGW EGKK EGLL EGSS EHAM EIDW LEBL LEMD LETO LHBP LIMB LIMC LIML LIRA LIRF LOWW ULLI UNAA UUDD UUEE UUMO UUWW UWLW,NIXAL G343 TMR B458 DADGA W37 OMBEB R473 NOLON W90 POU W7 SAREX,
NIXAL-ZHCC-01,EBBR EBCI EBLG EDAC EDDF EDDP EDFH EDOP EFHK EGAE EGGW EGKK EGLL EGSS EHAM ELLX LEMD LETO LHBP LIMB LIMC LIML LKPR UIUU ULLI UMMS UNKL UNNT USSS UUBW UUDD UUEE UUMO UUWW UWUU,NIXAL B208 NOPIN,
NIXAL-ZHEC-01,EBLG EDDF EGAE EGGW EGKK EGLL EGSS ENFB ENGM LFAT LFPB LFPG LFPO LHBP,NIXAL B208 CGO W129 KAMDA W128 DUDBI W37 ENLAB,
NIXAL-ZHHH-01,EBLG EDDF EGAE EGGW EGKK EGLL EGSS EHAM ELLX ENFB ENGM LFAT LFPB LFPG LFPO LIRA LIRF ULLI UNNT UUDD UUEE UUMO UUWW,NIXAL B208 CGO W129 KAMDA W128 DUDBI W37 PONUD,
NIXAL-ZSAM-01,EDDF EHAM ULLI UUDD UUEE UUMO UUWW,NIXAL B208 CGO W129 KAMDA W128 FYG B208 HFE R343 UPLEL W95 SAPIN A470 ENVEN,
NIXAL-ZSCN-01,EBLG UAKK UNNT UUDD UUEE UUMO UUWW,NIXAL B208 CGO W129 KAMDA W128 DUDBI W37 HG W50 XSH W105 PEXEK,
NIXAL-ZSFZ-01,ULLI UUDD UUEE UUMO UUWW,NIXAL B208 CGO W129 KAMDA W128 FYG B208 HFE R343 UPLEL W95 SAPIN A470 PADRU,
NIXAL-ZSHC-01,EBLG EDDF EFHK EGAE EGGW EGKK EGLL EGSS EHAM EKCH EKRK KBHM LEMD LETO LHBP LIRA LIRF LKPR LPPT UIUU ULLI UNKL UNNT UUDD UUEE UUMO UUWW,NIXAL B208 CGO W129 KAMDA W128 FYG B208 HFE R343 UPLEL W95 SAPIN A470 IGRAT,
NIXAL-ZSNJ-01,EBBR EBCI EBLG EDDF EDFH EFHK EHAM ELLX ENFB ENGM LEMD LETO ULLI UNNT UUBW UUDD UUEE UUMO UUWW UWUU,NIXAL B208 CGO W129 KAMDA W128 FYG B208 HFE W51 LEGIV W164 OREVO,
NIXAL-ZSOF-01,EBBR EBCI EHAM UNNT UUDD UUEE UUMO UUWW,NIXAL B208 CGO W129 KAMDA W128 FYG B208 BIPIM,
NIXAL-ZSPD-01,EBBR EBCI EBLG EDAC EDDF EDDH EDDL EDDM EDDP EDFH EDHI EDOP EETN EFHK EGAE EGCC EGGW EGKK EGLL EGPH EGSS EHAM EKCH EKRK ELLX EPWA ESKN ESOW ESSA ESSB EYKA LEBL LEMD LETO LEZG LFAT LFBO LFML LFPB LFPG LFPO LGAV LHBP LIMB LIMC LIML LIPO LIPZ LIRA LIRF LKPR LOWW LSGG LSZH LTBA LTFJ LTFM UACC UEEE UIBB UKBB UKBU UKKK UKKM ULLI UNKL UNNT USSS UUBW UUDD UUEE UUMO UUWW UWKD UWUU ZMCK ZMUB,NIXAL B208 CGO W129 KAMDA W128 FYG B208 HFE R343 EKIMU,
NIXAL-ZSSS-01,EGAE EGGW EGKK EGLL EGSS EHAM LFAT LFBO LFPB LFPG LFPO LOWW UACC UNNT USSS UUDD UUEE UUMO UUWW,NIXAL B208 CGO W129 KAMDA W128 FYG B208 HFE R343 PK,
NIXAL-ZSWZ-01,UUDD UUEE UUMO UUWW,NIXAL B208 CGO W129 KAMDA W128 FYG B208 HFE R343 UPLEL W95 SAPIN A470 KAGED,
NIXAL-ZUUU-01,EDDF EHAM LHBP LIMB LIMC LIML,NIXAL B208 ESDIB W276 ANRUG W279 ONEBA G212 SUBUL W230 AKDIK,
NONIM-ZBAA-01,VNKT,NONIM B345 LXA W500 DM W9 CZH B213 WFX W179 JTG W277 VARSO W69 GUVBA,
NONIM-ZBAD-01,VNKT,NONIM B345 LXA W500 DM W9 CZH B213 WFX W81 APIMI W275 WJC G212 BELAX,
NONIM-ZLXY-01,VNKT,NONIM B345 LXA W500 DM W9 CZH B213 WFX W81 APIMI W275 NSH,
NONIM-ZUCK-01,OPLA,NONIM B345 LXA W500 DM W9 CZH B213 VINEX,
NONIM-ZULS-01,VNKT,NONIM B345 LXA,
NONIM-ZUTF-01,OPLA VNKT,NONIM B345 LXA W500 DM W9 LADUP,
NONIM-ZUUU-01,VNKT,NONIM B345 LXA W500 DM W9 LADUP,
OGIGI-ZBAD-01,OIIE OIII UZTT,OGIGI L43 KHG W176 MAGIV B215 FKG W188 LIKMI W270 DKO W64 ELAPU,
OGIGI-ZGGG-01,LEMD LETO LHBP LIRA LIRF LYBE LYBT,OGIGI L43 KHG W176 MAGIV W187 TUSLI W112 VIKUP W191 DNC W565 BIGUX B330 KWE W181 DUDIT A599 GYA,
OGIGI-ZLXY-01,OTBD OTHH,OGIGI L43 KHG W176 MAGIV W187 TUSLI W112 VIKUP W191 DNC W565 BIGUX W214 HO,
OGIGI-ZWSH-01,UAFF UAFU UCFL UCFM UCFO UTDD UZSS UZTT,OGIGI L43 KHG,
OGIGI-ZWWW-01,OEJN OEMA OERK OERY OIIE OIII UAFF UAFU UCFM UGTB UTAA UTDD UZSS UZTT,OGIGI L43 KHG W176 MAGIV B215 EPDAG,
POLHO-ZBAA-01,CYMX CYUL CYVR CYYC CYYZ KBFI KBOS KBWI KDAL KDCA KDET KDFW KDTW KEWR KHIO KHOU KIAD KIAH KJFK KLAS KLAX KLGA KMDW KMEM KORD KPAE KPDX KPHL KSEA KSFO KSJC KYIP MMTJ PAED PANC PGUA PGUM PHNL,POLHO G218 TMR B458 BIKUT W69 GUVBA,
POLHO-ZBAD-01,KBFI KDET KDTW KPAE KSEA KYIP UUDD UUEE UUMO UUWW,POLHO G218 TMR W65 SELGO W247 IVTIN W64 ELAPU,
POLHO-ZGGG-01,CYYZ KBFI KEWR KIND KJFK KLAX KLGA KMDW KMEM KORD KPAE KSEA KSFO PAED PANC,POLHO G218 TMR B458 DADGA W37 OMBEB R473 BEMAG V5 ENVIP,
POLHO-ZGSZ-01,KBOS KEWR KJFK KLAX KLGA KMDW KORD,POLHO G218 TMR B458 DADGA W37 OMBEB R473 NOLON W90 POU W7 SAREX,
POLHO-ZHHH-01,CYYZ KEWR KJFK KLGA,POLHO G218 TMR B458 DADGA W37 PONUD,
POLHO-ZJSY-01,UIAA,POLHO G218 TMR B458 DADGA W37 OMBEB R473 WYN W18 TAMOT SIKOU A202 SAMAS G221 WL,
POLHO-ZLXY-01,CYVR CYYZ KBFI KEWR KJFK KLAX KLGA KPAE KSEA KSFO,POLHO G218 HET W84 IBARO W47 LOVRA,
POLHO-ZSAM-01,KLAX,POLHO W33 NUVPU W52 MUDAM G212 SOTMU W98 ELKUR W40 YQG W142 DALIM A593 DPX A470 ENVEN,
POLHO-ZSFZ-01,KEWR KJFK KLGA,POLHO W33 NUVPU W52 MUDAM G212 SOTMU W98 ELKUR W40 YQG W142 DALIM A593 DPX A470 PADRU,
POLHO-ZSHC-01,EBLG EDDF EPWA KSFO LEMD LETO LHBP UNKL,POLHO W33 NUVPU W52 MUDAM G212 SOTMU W98 ELKUR W40 YQG W142 DALIM A593 DPX A470 OF W95 SAPIN A470 IGRAT,
POLHO-ZSJN-01,EBLG EFHK KEWR KJFK KLGA UIII ULLI UUDD UUEE UUMO UUWW,POLHO W33 NUVPU W52 MUDAM G212 SOTMU W98 ELKUR W40 PANKI,
POLHO-ZSNJ-01,EFHK,POLHO W33 NUVPU W52 MUDAM G212 SOTMU W98 ELKUR W40 YQG W142 DALIM A593 DPX A470 OF,
POLHO-ZSPD-01,CYMX CYUL CYVR CYYZ EBLG EDAC EDDF EDDM EDDP EFHK EGAE EGGW EGKK EGLL EGPH EGSS EHAM EKCH EKRK ENFB ENGM ESKN ESOW ESSA ESSB KATL KBFI KBOS KDAL KDET KDFW KDTW KEWR KHIO KJFK KLAX KLGA KMDW KORD KPAE KPDX KSEA KSFO KSJC KYIP LEMD LETO LEZG LFAT LFML LFPB LFPG LFPO LHBP LIMB LIMC LIML LIRA LIRF LKPR LSGG PAED PANC PGSN UIII UIUU ULLI UUDD UUEE UUMO UUWW UWKD ZMCK ZMUB,POLHO W33 NUVPU W52 MUDAM G212 SOTMU W98 ELKUR W40 YQG W142 DALIM A593 DPX A470 DALNU W166 ZJ W167 SASAN R343 EKIMU,
POLHO-ZSQD-01,EDDF,POLHO W33 UKDUM W201 UNSEK A326 OMLIB W209 LATUX,
POLHO-ZSQD-02,CYYZ EGAE EGGW EGKK EGLL EGSS LEMD LETO LFAT LFPB LFPG LFPO UIUU UUDD UUEE UUMO UUWW,POLHO W33 UKDUM W201 HCH W651 NOKUD,
POLHO-ZSSS-01,CYVR CYYZ KBFI KEWR KJFK KLAX KLGA KPAE KSEA KSFO PAED PANC,POLHO W33 NUVPU W52 MUDAM G212 SOTMU W98 ELKUR W40 YQG W142 DALIM A593 DPX A470 DALNU W166 ZJ W167 SASAN R343 PK,
POLHO-ZSWZ-01,LEMD LETO,POLHO W33 NUVPU W52 MUDAM G212 SOTMU W98 ELKUR W40 YQG W142 DALIM A593 PK W116 JTN G204 SHZ B221 REMIM,
POLHO-ZUCK-01,CYVR KEWR KJFK KLAX KLGA,POLHO G218 HET W84 IBARO W47 LOVRA W276 AVDIG W666 VINEX,
POLHO-ZUTF-01,KEWR KJFK KLAX KLGA KMDW KORD,POLHO G218 HET W84 IBARO W47 LOVRA W276 ANRUG W279 ONEBA G212 BUPMI,
POLHO-ZUUU-01,KSFO,POLHO G218 HET B208 ESDIB W276 ANRUG W279 ONEBA G212 SUBUL W230 AKDIK,
POLHO-ZUUU-02,KBOS KEWR KJFK KLAX KLGA KMDW KORD KSFO,POLHO G218 HET W84 IBARO W47 LOVRA W276 ANRUG W279 ONEBA G212 SUBUL W230 AKDIK,
POLHO-ZYTL-01,UIII,POLHO W33 UKDUM W201 GOTSU W575 INTIV,
PURPA-ZBAA-01,FNLU HAAB HSSS LTBA LTFJ LTFM OBBI OBBS OERK OERY OKBK OMAA OMAD OMDB OMDW OMSJ OOMS OPIS OPKC OPLA ORBI ORMM OTBD OTHH VIDP,PURPA B215 MAGIV W187 DNH W621 NIXUK W271 BOTKI W270 DKO W69 GUVBA,
PURPA-ZBAA-02,FNLU HAAB HSSS LTBA LTFJ LTFM OBBI OBBS OERK OERY OKBK OMAA OMAD OMDB OMDW OMSJ OOMS OPIS OPKC OPLA ORBI ORMM OTBD OTHH VIDP,PURPA W112 TUSLI W187 DNH W621 NIXUK W271 BOTKI W270 DKO W69 GUVBA,
PURPA-ZBAD-01,OMDB OMDW,PURPA B215 MAGIV W187 DNH W621 NIXUK W271 BOTKI W270 DKO W64 ELAPU,
PURPA-ZBAD-02,OMAA OMAD OTBD OTHH,PURPA W112 TUSLI W187 DNH W621 NIXUK W271 BOTKI W270 DKO W64 ELAPU,
PURPA-ZBTJ-01,OMAA OMAD OMDB OMDW OMSJ,PURPA B215 MAGIV W187 DNH W621 NIXUK W271 BOTKI W270 DKO W69 GUVBA,
PURPA-ZBTJ-02,OMAA OMAD OMDB OMDW OMSJ,PURPA W112 TUSLI W187 DNH W621 NIXUK W271 BOTKI W270 DKO W69 GUVBA,
PURPA-ZLXY-01,OMDB OMDW OPKC,PURPA B215 MAGIV W187 KARVI W191 DNC W565 BIGUX W214 HO,
PURPA-ZSPD-01,EBBR EBCI OAIX OPIS OTBD OTHH,PURPA B215 MAGIV W187 DNH W621 NIXUK W271 BOTKI W270 DKO W69 HUR B339 SOTMU W98 ELKUR W40 YQG W142 DALIM A593 DPX A470 DALNU W166 ZJ W167 SASAN R343 EKIMU,
PURPA-ZSPD-02,EBBR EBCI OAIX,PURPA W112 TUSLI W187 DNH W621 NIXUK W271 BOTKI W270 DKO W64 NUTLO B208 CGO W129 KAMDA W128 FYG B208 HFE R343 EKIMU,
PURPA-ZSPD-03,OTBD OTHH,PURPA W112 TUSLI W187 DNH W621 NIXUK W271 BOTKI W270 DKO W69 HUR B339 SOTMU W98 ELKUR W40 YQG W142 DALIM A593 DPX A470 DALNU W166 ZJ W167 SASAN R343 EKIMU,
PURPA-ZSPD-04,OAIX,PURPA B215 MAGIV W187 DNH W621 NIXUK W271 BOTKI W270 DKO W64 NUTLO B208 CGO W129 KAMDA W128 FYG B208 HFE R343 EKIMU,
PURPA-ZSSS-01,EBBR EBCI OBBI OBBS,PURPA B215 MAGIV W187 DNH W621 NIXUK W271 BOTKI W270 DKO W69 HUR B339 SOTMU W98 ELKUR W40 YQG W142 DALIM A593 DPX A470 DALNU W166 ZJ W167 SASAN R343 PK,
PURPA-ZSSS-02,EBBR EBCI OBBI OBBS,PURPA W112 TUSLI W187 DNH W621 NIXUK W271 BOTKI W270 DKO W69 HUR B339 SOTMU W98 ELKUR W40 YQG W142 DALIM A593 DPX A470 DALNU W166 ZJ W167 SASAN R343 PK,
PURPA-ZUCK-01,OMDB OMDW,PURPA B215 MAGIV W187 KARVI W191 DNC W565 BIGUX B330 OVRAL W242 VIPAG W666 VINEX,
PURPA-ZWSH-01,OPIS OPKC,PURPA B215 MAGIV W176 KHG,
PURPA-ZWWW-01,LTBA LTFJ LTFM OEDF OKBK OMDB OMDW OMSJ OPIS OPKC OPLA,PURPA B215 EPDAG,
PURPA-ZYTL-01,OMDB OMDW,PURPA B215 MAGIV W187 DNH W621 NIXUK W271 BOTKI W270 DKO W69 HUR B339 LADIX W34 ANRAT W575 INTIV,
PURPA-ZYTL-02,OMDB OMDW,PURPA W112 TUSLI W187 DNH W621 NIXUK W271 BOTKI W270 DKO W69 HUR B339 LADIX W34 ANRAT W575 INTIV,
RULAD-ZBAA-01,EDDF EDDM EHAM ELLX HEGN HESN LFAT LFPB LFPG LFPO LLBG LTBA LTFJ LTFM OIIE OIII OTBD OTHH UAAA UAFF UAFU UAII UCFM UZTT,RULAD A343 POSOT B215 FKG W188 LIKMI W270 DKO W69 GUVBA,
RULAD-ZBAD-01,UAAA UAFF UAFU UCFM,RULAD A343 POSOT B215 FKG W188 LIKMI W270 DKO W64 ELAPU,
RULAD-ZBTJ-01,UAAA UZTT,RULAD A343 POSOT B215 FKG W188 LIKMI W270 DKO W69 GUVBA,
RULAD-ZGGG-01,LTBA LTFJ LTFM UAAA UAFF UAFU UCFM UZTT,RULAD A343 POSOT B215 FKG W192 ESDEX W191 DNC W565 BIGUX B330 KWE W181 DUDIT A599 GYA,
RULAD-ZGSZ-01,UAAA UZTT,RULAD A343 POSOT B215 FKG W192 ESDEX W191 DNC W565 BIGUX B330 KWE W181 DUDIT A599 POU W7 SAREX,
RULAD-ZHCC-01,EBBR EBCI EBLG EDDF EDFH ELLX LEZG UAAA UBBB UTAA UTAK,RULAD A343 POSOT B215 FKG W188 LIKMI W270 DKO W64 NUTLO B208 NOPIN,
RULAD-ZJHK-01,UAAA,RULAD A343 POSOT B215 FKG W188 LIKMI W270 NOLOM B330 SJG W2 LBN W159 BHY W70 NYB,
RULAD-ZJHK-02,UAAA,RULAD A343 POSOT B215 FKG W192 ESDEX W191 DNC W565 BIGUX B330 KWE W181 DUDIT A599 LBN W159 BHY W70 NYB,
RULAD-ZJSY-01,UAAA UAII,RULAD A343 POSOT B215 FKG W188 LIKMI W270 NOLOM B330 SJG W2 LBN W159 BHY W70 NYB G221 WL,
RULAD-ZJSY-02,UAAA UAII,RULAD A343 POSOT B215 FKG W192 ESDEX W191 DNC W565 BIGUX B330 KWE W181 DUDIT A599 LBN W159 BHY W70 NYB G221 WL,
RULAD-ZLLL-01,UAAA,RULAD A343 POSOT B215 FKG W192 ESDEX W191 AVBUD,
RULAD-ZLXY-01,HESN UAAA UBBB,RULAD A343 POSOT B215 FKG W188 LIKMI W270 NOLOM B330 BIGUX W214 HO,
RULAD-ZLXY-02,UAAA UGTB,RULAD A343 POSOT B215 FKG W192 ESDEX W191 DNC W565 BIGUX W214 HO,
RULAD-ZSPD-01,EBBR EBCI EBLG EDAC EDDF EDDM EDDP EDFH EFHK EHAM LFAT LFPB LFPG LFPO OAKN OIIE OIII UAAA UAFF UAFU UBBB UCFM UZTT,RULAD A343 POSOT B215 FKG W188 LIKMI W270 DKO W69 HUR B339 SOTMU W98 ELKUR W40 YQG W142 DALIM A593 DPX A470 DALNU W166 ZJ W167 SASAN R343 EKIMU,
RULAD-ZSYT-01,EBBR EBCI UAAA,RULAD A343 POSOT B215 FKG W188 LIKMI W270 DKO W69 HUR B339 LADIX W34 VAPGU W100 ORAVA W201 OSVEN W588 GUMED,
RULAD-ZUCK-01,EPWA UAAA,RULAD A343 POSOT B215 FKG W192 ESDEX W191 DNC W565 BIGUX B330 OVRAL W242 VIPAG W666 VINEX,
RULAD-ZUTF-01,UAAA,RULAD A343 POSOT B215 FKG W192 ESDEX W191 DNC W565 BIGUX B330 MEXAD,
RULAD-ZUUU-01,EBBR EBCI EBLG EDDK EDFH EPWA UAAA,RULAD A343 POSOT B215 FKG W192 ESDEX W191 DNC W565 BIGUX B330 MEXAD,
RULAD-ZWWW-01,UAFF UAFU UAII UCFM UZTT,RULAD A460 XKC B215 EPDAG,
RULAD-ZWWW-02,OEDF OKBK UAAA UAFF UAFU UAII UBBB UCFM UDYZ URSS UZTT,RULAD A343 POSOT B215 EPDAG,
SAGAG-ZBAA-01,VLVT VTCC,SAGAG A581 IDPOG W56 DUGEB,
SAGAG-ZBAA-02,VLVT VTCC,SAGAG A581 SGM W144 IGNAK W179 JTG W277 VARSO W69 GUVBA,
SAGAG-ZBAD-01,VTCC,SAGAG A581 IDPOG W56 ORODO W62 TEKIL G212 BELAX,
SAGAG-ZBDS-01,VDSA VTBD VTBS VTSP WIDD,SAGAG A581 SGM W144 IGNAK W179 JTG W277 MIGIR W193 YLX,
SAGAG-ZBHH-01,VTBD VTBS,SAGAG A581 SGM W144 IGNAK W179 JTG W277 MIGIR W193 ALGOV W101 VALNI,
SAGAG-ZBOW-01,VTBD VTBS,SAGAG A581 SGM W144 IGNAK W179 JTG W277 MIGIR W193 ALGOV,
SAGAG-ZBSJ-01,VTCC,SAGAG A581 SGM W144 IGNAK W179 WFX W81 APIMI W275 WJC G212 TONOV,
SAGAG-ZBTJ-01,VTCA VTCC VTCT VYYY,SAGAG A581 IDPOG W56 GUVRI W85 OMDEK,
SAGAG-ZBYN-01,VTBD VTBS VTBU VTSG,SAGAG A581 SGM W144 IGNAK W179 WFX W81 APIMI W275 WJC G212 RUNBU,
SAGAG-ZHHH-01,VTCC,SAGAG A581 LIN W207 TIKME W208 WTM,
SAGAG-ZLDH-01,VDSA,SAGAG A581 SGM W144 IGNAK W179 OMBON W195 IDOPA W197 ANDIM B215 TODOD,
SAGAG-ZLIC-01,VTBD VTBS VTBU VTSG VTSP,SAGAG A581 SGM W144 IGNAK W179 OMBON W195 ATERO W211 ZWX W219 YHD,
SAGAG-ZLLL-01,VDSA VLLB VTBD VTBS VTBU VTSG VTSP WMKK WSAP WSSL WSSS,SAGAG A581 SGM W144 IGNAK W179 OMBON W195 ORUNA,
SAGAG-ZLXN-01,VDSA VTSP,SAGAG A581 SGM W144 IGNAK W179 OMBON W195 IGDOB W111 XNN,
SAGAG-ZLXY-01,VDPP VDSA VDSV VDTI VLLB VLVT VTBD VTBS VTBU VTCC VTSB VTSG VTSM VTSP VVCR WADL WIDD WIDN WIHH WIII WMKK WMKL WMKP WSAP WSSL WSSS,SAGAG A581 SGM W144 IGNAK W179 WFX W81 APIMI W275 NSH,
SAGAG-ZPJH-01,VDSA VDSV VLLB VLVT VTBD VTBS VTCA VTCC VTCT,SAGAG A581 GUKRU W641 JHG,
SAGAG-ZPLJ-01,VVTS WSAP WSSL WSSS,SAGAG A581 SGM A599 GULOT W146 BUBSU W162 CEH,
SAGAG-ZPPP-01,VDPP VDSA VDSV VDTI VLLB VLVT VTBD VTBS VTBU VTCA VTCC VTCT VTSB VTSG VTSM VTSP VTSS VVPQ VVTS WADD WAHQ WIHH WIII WMKJ WMKK WMKL WMKP WSAP WSSL WSSS,SAGAG A581 ELASU,
SAGAG-ZSJN-01,VDPP VDTI,SAGAG A581 SGM W144 IGNAK W179 WFX W81 APIMI W275 NSH W280 SUDGO W4 WXI W59 UBSIS,
SAGAG-ZSNJ-01,VTCC,SAGAG A581 WHA R343 HFE W51 LEGIV W164 OREVO,
SAGAG-ZSOF-01,VDPP VDTI,SAGAG A581 WHA R343 MIDOX,
SAGAG-ZUCK-01,VDPP VDSA VDSV VDTI VLLB VLVT VTBD VTBS VTBU VTCA VTCC VTCT VTSB VTSG VTSM VTSP VVDN VYYY WIDD WIHH WIII WMKJ WMKK WMKL WMKP WSAP WSSL WSSS,SAGAG A581 SGM W144 ZAT W145 IDSID W30 URGUS W91 EGARA W3 ASIPO W678 SEGDA,
SAGAG-ZUGY-01,VDPP VDSA VDSV VDTI VLLB VLVT VTBD VTBS VTBU VTCA VTCC VTCT VTSG VTSP WMKJ WSAP WSSL WSSS,SAGAG A581 QNX,
SAGAG-ZUTF-01,VDPP VDTI VLVT VTBD VTBS VTCC VTSM VTSP VVTS WIHH WIII WMKK WMKP WSAP WSSL WSSS,SAGAG A581 SGM W144 IGNAK,
SAGAG-ZUUU-01,FIMP VDPP VDSA VDSV VDTI VLLB VLVT VTBD VTBS VTBU VTCA VTCC VTCT VTSB VTSG VTSM VTSP WADD WADL WIDD WIDN WIHH WIII WMKK WMKL WMKP WSAP WSSL WSSS,SAGAG A581 SGM W144 IGNAK,
SAGAG-ZWWW-01,VTBD VTBS VTSP,SAGAG A581 SGM W144 IGNAK W179 OMBON W195 ESPED W66 NUKTI B215 HAM W99 FKG B215 WUR,
SAGAG-ZWWW-02,VTBD VTBS VTSP,SAGAG A581 SGM W144 IGNAK W179 OMBON W195 IDOPA W197 ANDIM B215 IBANO G470 QTV W99 FKG B215 WUR,
SAGAG-ZYTX-01,VTCC,SAGAG A581 SGM W144 IGNAK W179 WFX W81 APIMI W275 WJC G212 VYK W34 PAMRU W244 IGMOR W36 ENVAV W243 OTBUL W35 CHG A575 OMDUS,
SARIN-ZBAA-01,EBBR EBCI EDDF EDDM EHAM ELLX EPWA HECA HLLT HSSS LFAT LFPB LFPG LFPO LIPZ LLBG LOWW LSZH LTBA LTFJ LTFM LYBE LYBT OEJN OEMA OERK OERY OIIE OIII OMAA OMAD OMDB OMDW ORMM UAAA UACC UAFF UAFU UBBB UCFM UKBB UKBB UKBU UKKK UKKM UTAA UTAV,SARIN A368 FKG W188 LIKMI W270 DKO W69 GUVBA,
SARIN-ZBAD-01,EGAE EGGW EGKK EGLL EGSS EHAM EPWA GMMN LTBA LTFJ LTFM,SARIN A368 FKG W188 LIKMI W270 DKO W64 ELAPU,
SARIN-ZBHH-01,UUDD UUEE UUMO UUWW,SARIN A368 FKG W188 LIKMI W270 DKO W64 VALNI,
SARIN-ZBTJ-01,EBBR EBCI EPWA LEMD LETO LYBE LYBT UACC UBBB UKBB UKBU UKKK UKKM,SARIN A368 FKG W188 LIKMI W270 DKO W69 GUVBA,
SARIN-ZGGG-01,EBBR EBCI EBLG EDDF EFHK EGAE EGCC EGGW EGKK EGLL EGSS EHAM LEMD LETO LFAT LFPB LFPG LFPO LGAV LHBP LIMB LIMC LIML LIRA LIRF LLBG LOWW LTBA LTFJ LTFM LYBE LYBT UACC ULLI UUDD UUEE UUMO UUWW,SARIN A368 FKG W192 ESDEX W191 DNC W565 BIGUX B330 KWE W181 DUDIT A599 GYA,
SARIN-ZGGG-02,EBBR EBCI EGCC LEMD LETO LLBG UUDD UUEE UUMO UUWW,SARIN A368 FKG W188 LIKMI W270 NOLOM B330 KWE W181 DUDIT A599 GYA,
SARIN-ZGSZ-01,EBBR EBCI EDDF EGAE EGGW EGKK EGLL EGSS EHAM EIDW GMMN HECA HKJK LEBL LEMD LETO LFAT LFPB LFPG LFPO LGAV LHBP LIMB LIMC LIML LIRA LIRF LKPR LLBG LOWW LSGG LSZH LTBA LTFJ LTFJ LTFM UAKK URSS UTAA UUDD UUEE UUMO UUWW UZTT,SARIN A368 FKG W192 ESDEX W191 DNC W565 BIGUX B330 KWE W181 DUDIT A599 POU W7 SAREX,
SARIN-ZGSZ-02,EBBR EBCI EGAE EGGW EGKK EGLL EGSS EHAM GMMN HECA HKJK LEBL LEMD LETO LFAT LFPB LFPG LFPO LHBP LIMB LIMC LIML LIRA LIRF LLBG LOWW LSZH LTBA LTFJ LTFM OIIE OIII,SARIN A368 FKG W188 LIKMI W270 NOLOM B330 KWE W181 DUDIT A599 POU W7 SAREX,
SARIN-ZHCC-01,LEMD LETO LFAT LFPB LFPG LFPO UAKK URSS UUDD UUEE UUMO UUWW,SARIN A368 FKG W188 LIKMI W270 DKO W64 NUTLO B208 NOPIN,
SARIN-ZJHK-01,URRP,SARIN A368 FKG W188 LIKMI W270 NOLOM B330 SJG W2 LBN W159 BHY W70 NYB,
SARIN-ZJSY-01,UACC,SARIN A368 FKG W188 LIKMI W270 NOLOM B330 SJG W2 LBN W159 BHY W70 NYB G221 WL,
SARIN-ZJSY-02,UACC,SARIN A368 FKG W192 ESDEX W191 DNC W565 BIGUX B330 KWE W181 DUDIT A599 LBN W159 BHY W70 NYB G221 WL,
SARIN-ZLIC-01,OEJN,SARIN A368 FKG W188 LIKMI W270 NOLOM B330 ELRUB W199 YHD,
SARIN-ZLLL-01,HSSS OEJN,SARIN A368 FKG W188 LIKMI W270 NOLOM B330 IDUGI,
SARIN-ZLLL-02,ELLX,SARIN A368 FKG W192 ESDEX W191 AVBUD,
SARIN-ZLXY-01,EBBR EBCI EGAE EGGW EGKK EGLL EGSS ELLX ENFB ENGM GMMN HECA HKJK LEBL LEMD LETO LFAT LFPB LFPG LFPO LHBP LIMB LIMC LIML LIRA LIRF LKPR LSZH OMDB OMDW UACC UKBB UKBU UKKK UKKM ULLI UUDD UUEE UUMO UUWW,SARIN A368 FKG W188 LIKMI W270 NOLOM B330 BIGUX W214 HO,
SARIN-ZLXY-02,EBBR EBCI EGAE EGGW EGKK EGLL EGSS ENFB ENGM GMMN HECA HKJK LEMD LETO LFAT LFPB LFPG LFPO LHBP LIMB LIMC LIML LIRA LIRF LOWW LSZH LTBA LTFJ LTFM OMDB OMDW UACC UKBB UKBU UKKK UKKM UUDD UUEE UUMO UUWW UZTT,SARIN A368 FKG W192 ESDEX W191 DNC W565 BIGUX W214 HO,
SARIN-ZPPP-01,LFAT LFPB LFPG LFPO LTBA LTFJ LTFM URSS,SARIN A368 FKG W192 ESDEX W191 DNC W565 BIGUX B330 UBKER G212 SGM,
SARIN-ZPPP-02,LFAT LFPB LFPG LFPO LTBA LTFJ LTFM,SARIN A368 FKG W188 LIKMI W270 NOLOM B330 UBKER G212 SGM,
SARIN-ZSCN-01,LIMB LIMC LIML,SARIN A368 FKG W192 ESDEX W191 DNC W565 BIGUX B330 VIMAM W235 UBRAB B213 WHA R343 SAGUD W50 XSH W105 PEXEK,
SARIN-ZSCN-02,EBLG UAKK,SARIN A368 FKG W188 LIKMI W270 DKO W64 NUTLO B208 CGO W129 KAMDA W128 DUDBI W37 HG W50 XSH W105 PEXEK,
SARIN-ZSHC-01,EBLG EHAM HECA,SARIN A368 FKG W188 LIKMI W270 DKO W64 NUTLO B208 CGO W129 KAMDA W128 FYG B208 HFE R343 UPLEL W95 SAPIN A470 IGRAT,
SARIN-ZSJN-01,EBLG LFAT LFPB LFPG LFPO LIMB LIMC LIML,SARIN A368 FKG W188 LIKMI W270 DKO W69 HUR B339 SOTMU W98 ELKUR W40 PANKI,
SARIN-ZSNJ-01,ELLX LIMB LIMC LIML UAAA,SARIN A368 FKG W192 ESDEX W191 DNC W565 BIGUX B330 VIMAM W235 UBRAB B213 WHA R343 HFE W51 LEGIV W164 OREVO,
SARIN-ZSPD-01,EDDF EDDK EDDM EDFH EGAE EGGW EGKK EGLL EGSS EHAM LEZG LHBP LOWW LSZH LTBA LTFJ LTFJ LTFM UZTT,SARIN A368 FKG W188 LIKMI W270 DKO W64 NUTLO B208 CGO W129 KAMDA W128 FYG B208 HFE R343 EKIMU,
SARIN-ZSPD-02,EDAC EDDF EDDM EDDP EFHK EKCH EKRK ELLX HECA LFAT LFBO LFPB LFPG LFPO LIMB LIMC LIML LLBG LOWW LSZH UACC UAKK UATG UBBB UGTB,SARIN A368 FKG W188 LIKMI W270 DKO W69 HUR B339 SOTMU W98 ELKUR W40 YQG W142 DALIM A593 DPX A470 DALNU W166 ZJ W167 SASAN R343 EKIMU,
SARIN-ZSSS-01,USSS UZTT,SARIN A368 FKG W188 LIKMI W270 DKO W69 HUR B339 SOTMU W98 ELKUR W40 YQG W142 DALIM A593 DPX A470 DALNU W166 ZJ W167 SASAN R343 PK,
SARIN-ZSYT-01,UAKK,SARIN A368 FKG W188 LIKMI W270 DKO W69 HUR B339 LADIX W34 VAPGU W100 ORAVA W201 OSVEN W588 GUMED,
SARIN-ZUCK-01,EBBR EBCI EBLG EDDF EDDL EDDM EDFH EGAE EGCC EGGW EGKK EGLL EGSS EHAM ELLX ENFB ENGM EPWA LEMD LETO LFAT LFPB LFPG LFPO LHBP LIMB LIMC LIML LIRA LIRF LKPR LLBG LOWW LTBA LTFJ LTFM UMMS UUDD UUEE UUMO UUWW,SARIN A368 FKG W192 ESDEX W191 DNC W565 BIGUX B330 OVRAL W242 VIPAG W666 VINEX,
SARIN-ZUCK-02,EBBR EBCI EDFH EGAE EGCC EGGD EGGW EGKK EGLL EGSS EHAM ELLX ENFB ENGM LEMD LETO LFAT LFPB LFPG LFPO LHBP LIRA LIRF ULLI UUDD UUEE UUMO UUWW,SARIN A368 FKG W188 LIKMI W270 NOLOM B330 OVRAL W242 VIPAG W666 VINEX,
SARIN-ZUGY-01,EGAE EGGW EGKK EGLL EGSS LFAT LFPB LFPG LFPO LIMB LIMC LIML LTBA LTFJ LTFM,SARIN A368 FKG W188 LIKMI W270 NOLOM B330 QNX,
SARIN-ZUGY-02,EGAE EGGW EGKK EGLL EGSS LFAT LFPB LFPG LFPO LTBA LTFJ LTFM,SARIN A368 FKG W192 ESDEX W191 DNC W565 BIGUX B330 QNX,
SARIN-ZUTF-01,EBBR EBCI EDDF EFHK EGAE EGGW EGKK EGLL EGSS EHAM HECA LEMD LETO LFAT LFPB LFPG LFPO LHBP LIRA LIRF LLBG LOWW LTBA LTFJ LTFM ULLI UMMS UUDD UUEE UUMO UUWW,SARIN A368 FKG W192 ESDEX W191 DNC W565 BIGUX B330 MEXAD,
SARIN-ZUTF-02,LHBP LIRA LIRF LLBG LOWW,SARIN A368 FKG W188 LIKMI W270 NOLOM B330 MEXAD,
SARIN-ZUUU-01,EBBR EBCI EBLG EDDF EFHK EGAE EGGW EGKK EGLL EGSS EHAM EKCH EKRK ELLX HECA LEMD LETO LFAT LFOK LFPB LFPG LFPO LGAV LHBP LIPO LIRA LIRF LKPR LLBG LOWW LTBA LTFJ LTFM OIIE OIII UACC ULLI UMMS URSS UUDD UUEE UUMO UUWW,SARIN A368 FKG W192 ESDEX W191 DNC W565 BIGUX B330 MEXAD,
SARIN-ZUUU-02,EGAE EGGW EGKK EGLL EGSS EHAM LEBL LGAV LHBP LIRA LIRF LLBG LOWW OIIE OIII,SARIN A368 FKG W188 LIKMI W270 NOLOM B330 MEXAD,
SARIN-ZWWW-01,EBLG EDDF EGAE EGGW EGKK EGLL EGSS EHAM EVRA LFAT LFPB LFPG LFPO LHBP LIMB LIMC LIML LIRA LIRF LOWW LTBA LTFJ LTFM OEJN OEMA OIIE OIII UACC UAKK UBBB UGTB UKBB UKBU UKKK UKKM ULLI UMMS USSS UTDD UUDD UUEE UUMO UUWW UWKD UZTT,SARIN A368 FKG B215 WUR,
SARUL-ZBLA-01,ZMCD ZMCK ZMUB,SARUL G338 KAGAK A345 HLD,
SARUL-ZBMZ-01,ZMCK ZMUB,SARUL G338 IKARU W606 MZL,
SARUL-ZYCC-01,ZMCK ZMUB,SARUL G338 KAGAK A345 HLD B451 HRB A588 PABKI W655 DUKIR,
SIKOU-ZGNN-01,RPLL RPMM,SIKOU R339 WUY,
SIKOU-ZJHK-01,NSFA NVVV NZAA PGSN RPLC RPLL RPMD RPMM WADD WBSB WMKK WSAP WSSL WSSS YMML YSSY,SIKOU A202 ISBIG W605 DOMGO,
SIKOU-ZJSY-01,RJAA RJBB RJOO RJTT RJTY RPLC RPLL RPMM VTBD VTBS WMKK WSAP WSSL WSSS,SIKOU A202 SAMAS G221 WL,
SIKOU-ZPPP-01,NZAA RPLL RPMM RPVK RPVM WAMM WBKK YSSY,SIKOU R339 BSE A599 LXI,
SIMLI-ZBAA-01,CYMX CYUL CYVR CYYZ KBFI KBOS KBWI KDAL KDCA KDET KDFW KDTW KEWR KHIO KHOU KIAD KIAH KJFK KLAS KLAX KLGA KMDW KMEM KORD KPAE KPDX KPHL KPIT KSEA KSFO KSJC KYIP MMTJ PAED PANC PGUA PGUM PHNL UEEE,SIMLI A588 HRB G212 UKDUM W49 OSUBA,
SIMLI-ZBAD-01,KBFI KDET KDTW KPAE KSEA KYIP,SIMLI A588 HRB G212 BUMDU,
SIMLI-ZBTJ-01,CYEG CYVR KEWR KJFK KLGA KPIT,SIMLI A588 VENOS W573 DBL W5 EKULI W576 OVTUP W55 DUMAP,
SIMLI-ZGSZ-01,KBOS KLAX,SIMLI A588 HRB G212 VYK W37 OMBEB R473 NOLON W90 POU W7 SAREX,
SIMLI-ZHHH-01,CYYZ,SIMLI A588 HRB G212 VYK W37 PONUD,
SIMLI-ZJSY-01,UHBB,SIMLI A588 HRB G212 VYK W37 OMBEB R473 WYN W18 TAMOT SIKOU A202 SAMAS G221 WL,
SIMLI-ZLXY-01,CYVR KBFI KPAE KSEA KSFO,SIMLI A588 HRB G212 BUMDU W47 LOVRA,
SIMLI-ZSHC-01,KSFO,SIMLI A588 HRB G212 SOTMU W98 ELKUR W40 YQG W142 DALIM A593 DPX A470 OF W95 SAPIN A470 IGRAT,
SIMLI-ZSHC-02,KMDW KORD KSFO PAED PANC,SIMLI A588 CHI W107 SANKO A326 AKARA A593 DUMET W114 LASAN G327 NINAS B221 SUPAR W505 DSH,
SIMLI-ZSPD-01,CYMX CYUL CYVR CYYZ KATL KBFI KBWI KDAL KDCA KDET KDFW KDTW KEWR KHIO KIAD KJFK KLAX KLGA KMDW KMEM KORD KPAE KPDX KSEA KSFO KYIP PAED PANC PHNL,SIMLI A588 HRB G212 SOTMU W98 ELKUR W40 YQG W142 DALIM A593 DPX A470 DALNU W166 ZJ W167 SASAN R343 EKIMU,
SIMLI-ZSPD-02,CYMX CYUL CYVR CYYZ KATL KBFI KBOS KDAL KDET KDFW KDTW KEWR KJFK KLAX KLGA KMDW KORD KPAE KSEA KSFO KSJC KYIP PAED PANC,SIMLI A588 CHI W107 SANKO A326 AKARA A593 PUD,
SIMLI-ZSQD-01,CYYZ KLAX,SIMLI A588 UDETI W106 MAKNO W5 HCH W651 NOKUD,
SIMLI-ZSSS-01,CYVR CYYZ KBFI KEWR KJFK KLAX KLGA KPAE KSEA KSFO PAED PANC,SIMLI A588 HRB G212 SOTMU W98 ELKUR W40 YQG W142 DALIM A593 DPX A470 DALNU W166 ZJ W167 SASAN R343 PK,
SIMLI-ZUUU-01,KSFO,SIMLI A588 HRB G212 VYK B215 KAPDO W276 ANRUG W279 ONEBA G212 SUBUL W230 AKDIK,
SIMLI-ZYHB-01,UEEE UHBB,SIMLI A588 BUBDI,
SIMLI-ZYTL-01,UEEE,SIMLI A588 VENOS,
TAMOT-ZGGG-01,AYPY KIND KMEM KSFO NFFN NZAA NZCH PGSN PHNL RPLB RPLC RPLI RPLL RPMM RPVE RPVK RPVM VDPP VDSA VDSV VDTI VVCR VVDN VVTS WADD WAMM WARR WBKK WBKK WBKW WBSB WIHH WIII WMKJ WMKK WMKL WMKM WMKP WSAP WSSL WSSS YBBN YBCS YMML YPAD YPPH YSSY,TAMOT W68 IDUMA,
TEBAK-ZBAA-01,FIMP VCBI VCCC VCRI VDPP VDSA VDSV VDTI VRMM VTBD VTBS VTCC VTSG VTSP VVCI VVCR VVDN VVNB VVPC VVPQ VVTS WMKK WSAP WSSL WSSS,TEBAK R474 WUY R343 GOSMA W82 UPMAT W56 DUGEB,
TEBAK-ZBAD-01,VDPP VDTI VLVT VTBD VTBS VTSP VVNB WMKK WSAP WSSL WSSS,TEBAK R474 WUY R343 GOSMA W82 UPMAT W56 ORODO W62 TEKIL G212 BELAX,
TEBAK-ZBHH-01,VDSA VTBD VTBS VTSG VTSP,TEBAK R474 WUY R343 GOSMA W82 UPMAT W56 OBMEP B208 TODAM,
TEBAK-ZBLA-01,VTBD VTBS,TEBAK R474 WUY R343 GOSMA W82 UPMAT W56 VYK G212 SOTMU B339 HUR B334 TGO W27 IKITI A345 HLD,
TEBAK-ZBSJ-01,VDPP VDSA VDSV VDTI VTBD VTBS VTBU VTCC VTSP VVCR VVDL VVDN WADD,TEBAK R474 WUY R343 GOSMA W82 UPMAT W56 ORODO W62 AVLIS,
TEBAK-ZBTJ-01,VDPP VDSA VDSV VDTI VTBD VTBS VTBU VTSG VTSP VVCR VVDN WIDD,TEBAK R474 WUY R343 GOSMA W82 UPMAT W56 GUVRI W85 OMDEK,
TEBAK-ZBYN-01,VDSA VDSV VTSP VVCR VVDN VVPQ,TEBAK R474 WUY R343 GOSMA W82 UPMAT W56 OBMEP B208 ANPIG,
TEBAK-ZGDY-01,VTBD VTBS VVNB VVTS WMKK WMKP,TEBAK R474 WUY R343 LLC W138 DYG,
TEBAK-ZGGG-01,VIDP VLLB VLVT VTBD VTBS VTCA VTCC VTCT VTSP VVCI VVDN VVNB VYYY,TEBAK R474 GYA,
TEBAK-ZGHA-01,HKJK VDPP VDSA VDSV VDTI VLLB VLVT VTBD VTBS VTBU VTCA VTCC VTCT VTSB VTSG VTSP VVCI VVCR VVNB VVTS VVVD WMKK,TEBAK R474 WUY R343 AVNEL W618 SEBMO W227 RUKLI,
TEBAK-ZGKL-01,VDSA VTBD VTBS VTSG VTSP VVTS WIHH WIII WMKK WSAP WSSL WSSS,TEBAK R474 WUY R343 LBN W2 MOTOM,
TEBAK-ZGNN-01,VDPP VDSA VDTI VLVT VTBD VTBS VTBU VTCC VTSG VTSP VVCR VVDN VVNB VVTS VYYY WIHH WIII WMKK WSAP WSSL WSSS,TEBAK R474 XEREN,
TEBAK-ZGSZ-01,OTBD OTHH VLLB VTBD VTBS VVCI VVNB VVVD VYMD VYNT VYYY,TEBAK R474 GYA A599 POU W7 SAREX,
TEBAK-ZGZJ-01,VDPP VDTI VTBD VTBS VVNB VVTS WMKK,TEBAK R474 WUY R339 BHY,
TEBAK-ZHCC-01,VDPP VDSA VDSV VDTI VTBD VTBS VTBU VTCC VTSB VTSG VTSM VTSP VVCR VVDN VVNB WIDD WIHH WIII WMKK WSAP WSSL WSSS,TEBAK R474 WUY R343 GOSMA W82 UPMAT W56 IGMIG,
TEBAK-ZHEC-01,VTBD VTBS VVNB,TEBAK R474 WUY R343 GOSMA W82 UPMAT,
TEBAK-ZHHH-01,FIMP VDPP VDSA VDSV VDTI VLLB VLVT VTBD VTBS VTBU VTCA VTCT VTSB VTSG VTSP VVDN VVNB VVPB VVTS WMKK WMKL WMKP WSAP WSSL WSSS,TEBAK R474 WUY R343 GOSMA W82 UPMAT,
TEBAK-ZJHK-01,VTBD VTBS VVNB VYYY WMKK,TEBAK R474 WUY R339 BHY W70 NYB,
TEBAK-ZJSY-01,VVNB,TEBAK R474 WUY R339 BHY W70 NYB G221 WL,
TEBAK-ZLIC-01,WMKK,TEBAK R474 WUY R343 GOSMA W82 UPMAT W56 OBMEP B208 AGVUR B215 APOGO W218 TUTGO W220 NIRUV B215 YHD,
TEBAK-ZSAM-01,OMDB OMDW VVNB,TEBAK R474 GYA A599 POU G471 SHL W22 GUBLO R200 BEBEM A470 TEBON,
TEBAK-ZSCN-01,VDPP VDSA VDSV VDTI VLLB VLVT VTBD VTBS VTBU VTCA VTCC VTCT VTSG VTSP VVNB,TEBAK R474 WUY R343 ABTUD W227 GUTGO,
TEBAK-ZSHC-01,VLVT VRMM VTBD VTBS VTBU VTCA VTCC VTCT VTSP VVCI VVDN VVNB VYYY,TEBAK R474 GYA B330 POU G471 SHL W26 UPRIK W41 OMDUP G471 PLT A599 ELNEX,
TEBAK-ZSJN-01,VDSA VTBD VTBS VTCC VTSG VTSP WIDD WSAP WSSL WSSS,TEBAK R474 WUY R343 GOSMA W82 UPMAT W56 VADMO W4 WXI W59 UBSIS,
TEBAK-ZSLY-01,VTBD VTBS,TEBAK R474 WUY R343 GOSMA W82 UPMAT W56 IDPOG A581 WHA R343 HFE W127 XUZ W125 DO W126 DPX A593 AVPEP,
TEBAK-ZSNB-01,VTBD VTBS VTBU VTCC VTSP VYYY,TEBAK R474 GYA B330 POU G471 SHL W26 UPRIK W41 OMDUP G471 PLT A599 ELNEX G204 SHZ,
TEBAK-ZSNB-02,VVNB,TEBAK R474 GYA B330 POU G471 SHL W26 UPRIK W41 OMDUP G471 PLT A599 ELNEX G204 SHZ W58 BK,
TEBAK-ZSNJ-01,VDSA VDSV VTBD VTBS VTSG VTSP VVCI VVNB VVPQ,TEBAK R474 WUY R343 GOSMA W82 UPMAT W56 IDPOG A581 WHA R343 HFE W51 LEGIV W164 OREVO,
TEBAK-ZSNT-01,VDSV VTBD VTBS VTSG VTSP VVNB,TEBAK R474 WUY R343 GOSMA W82 UPMAT W56 IDPOG A581 WHA R343 OLRIS G345 UNTAN G330 PIKAS W109 NTG,
TEBAK-ZSOF-01,VDSA VDSV VTBD VTBS VTCC VTSG VTSP VVNB WIDD WSAP WSSL WSSS,TEBAK R474 WUY R343 GOSMA W82 UPMAT W56 IDPOG A581 WHA R343 MIDOX,
TEBAK-ZSPD-01,VCBI VCCC VCRI VLLB VLVT VRMM VTBD VTBS VTCA VTCC VTCT VTSM VTSP VVNB WMKK,TEBAK R474 WUY R343 GOSMA W82 UPMAT W56 IDPOG A581 WHA R343 EKIMU,
TEBAK-ZSQD-01,VTBD VTBS,TEBAK R474 WUY R343 GOSMA W82 UPMAT W56 VADMO W4 WXI W59 SUNOK W103 YQG W569 NOBUP W4 HCH W651 NOKUD,
TEBAK-ZSQD-02,VTBD VTBS VVNB,TEBAK R474 WUY R343 GOSMA W82 UPMAT W56 VADMO W4 WXI W59 SUNOK W103 WFG,
TEBAK-ZSSH-01,VDSA VTBD VTBS VTSG VTSP,TEBAK R474 WUY R343 GOSMA W82 UPMAT W56 IDPOG A581 WHA R343 MADUK W73 NOBEM W95 OF W178 LAGAL W525 HUN,
TEBAK-ZSSS-01,VTBD VTBS VTCC VTSP VVNB,TEBAK R474 WUY R343 GOSMA W82 UPMAT W56 IDPOG A581 WHA R343 PK,
TEBAK-ZSTX-01,VTBD VTBS VVNB,TEBAK R474 GYA B330 POU G471 SHL W26 UPRIK W41 OMDUP G471 PLT A599 ELNEX G204 TXN,
TEBAK-ZSXZ-01,VDSA VTBD VTBS VTSG VTSP VVNB WSAP WSSL WSSS,TEBAK R474 WUY R343 GOSMA W82 UPMAT W56 IDPOG A581 WHA R343 HFE W127 ATVIM,
TEBAK-ZSYA-01,VDPP VDSA VDTI VLLB VLVT VTBD VTBS VTSP,TEBAK R474 WUY R343 GOSMA W82 UPMAT W56 IDPOG A581 WHA R343 OLRIS G345 ZJ W184 PIMOL,
TEBAK-ZUGY-01,VDPP VDTI VVNB WIHH WIII WMKK WMKL WMKP,TEBAK R474 WUY R343 LBN W2 SJG B330 ELKAL,
TEBAK-ZYCC-01,VTBD VTBS VTSP,TEBAK R474 WUY R343 GOSMA W82 UPMAT W56 VYK G212 SOTMU B339 HUR B334 TGO G341 BUTET,
TEBAK-ZYHB-01,VTBD VTBS VTSP VVNB,TEBAK R474 WUY R343 GOSMA W82 UPMAT W56 VYK G212 SOTMU B339 HUR B334 TGO G212 RUSBO W203 PIGAM,
TEBAK-ZYTL-01,VTBD VTBS,TEBAK R474 WUY R343 GOSMA W82 UPMAT W56 VADMO W4 WXI W59 SUNOK W103 YQG W569 NOBUP W4 HCH W173 NIXEP,
TEBAK-ZYTX-01,VDSA VDSV VRMM VTBD VTBS VTSG VTSP WMKK,TEBAK R474 WUY R343 GOSMA W82 UPMAT W56 VYK W34 PAMRU W244 IGMOR W36 ENVAV W243 OTBUL W35 CHG A575 OMDUS,
TEBUS-ZWWW-01,ZMKD,TEBUS G588 FKG B215 WUR,
TELOK-ZBAA-01,UIAA,TELOK A345 IKITI W27 TGO G212 UKDUM W49 OSUBA,
TELOK-ZBLA-01,UIAA UIII UIUU,TELOK A345 HLD,
TELOK-ZBMZ-01,UIAA UIII UIUU UNAA UNBB UNKL UNNT,TELOK A345 MANLI W539 MZL,
TELOK-ZSPD-01,EDDF EDDM EGAE EGGW EGKK EGLL EGSS LOWW LSZH,TELOK A345 BIDIB A588 CHI W107 SANKO A326 AKARA A593 PUD,
TELOK-ZYCC-01,EKBI UIII UUDD UUEE UUMO UUWW,TELOK A345 HLD B451 HRB A588 PABKI W655 DUKIR,
TELOK-ZYHB-01,EFHK EKBI LFOK UIAA UIII UNAA UNKL UNNT USCC USSS,TELOK A345 HLD B451 ONINA,
TELOK-ZYTL-01,UNAA,TELOK A345 BIDIB A588 VENOS,
TELOK-ZYTX-01,EDDF EGAE EGGW EGKK EGLL EGSS EHAM UIII ULLI UNKL UNNT UUDD UUEE UUMO UUWW UWLW,TELOK A345 KYU,
TOMUK-ZBTJ-01,ZKPY,TOMUK B332 SANKO A326 UNSEK W55 DUMAP,
TOMUK-ZHCC-01,ZKPY,TOMUK B332 SANKO A326 MAKNO W5 HCH W4 TAMIX B208 NOPIN,
TOMUK-ZSJN-01,ZKPY,TOMUK B332 SANKO A326 MAKNO W5 HCH W4 BASOV,
TOMUK-ZSPD-01,UHWW ZKPY,TOMUK B332 SANKO A326 AKARA A593 PUD,
TOMUK-ZYTL-01,ZKPY,TOMUK B332 SANKO W579 RUPID,